# golden reference vectors for multi-head latent attention
# written by verify/export_golden.py from mla/naive.py and mla/absorbed.py
# torch 2.13.0
config d_model 32
config n_heads 4
config d_head 8
config d_c 24
config d_rope 8
config seq 12
config batch 2
scalar rope_theta 10000.0
scalar torch_naive_vs_absorbed 1.4901161193847656e-07
scalar torch_grid_max_abs_diff 8.344650268554688e-07
tensor x 3 2 12 32
0.47629791498184204 -0.43704015016555786 -0.30977892875671387 -0.08778610825538635 0.38142579793930054 -1.1160969734191895
0.04440789297223091 2.8402366638183594 -0.1948881894350052 -1.077166199684143 -0.35126474499702454 0.43943026661872864
-0.6326442956924438 0.12925614416599274 -1.6990978717803955 -0.6587879657745361 -0.24628320336341858 -0.0777377337217331
-0.6653068661689758 -1.0701227188110352 -0.35336369276046753 0.3683437407016754 0.6749515533447266 0.5107600092887878
0.9074847102165222 0.9184283018112183 0.04134921729564667 -0.40095269680023193 0.4733152985572815 -2.370490550994873
0.24187453091144562 -0.9222037196159363 0.4663676619529724 0.6485204100608826 1.0784531831741333 -1.7041996717453003
0.826756477355957 -0.16216547787189484 -1.8109747171401978 0.42611610889434814 -0.8341373205184937 0.0023741181939840317
-0.38980185985565186 0.17135608196258545 1.8470114469528198 -0.5829750299453735 -0.6940618753433228 -0.4110412895679474
-1.4565147161483765 0.4244169592857361 -1.5730085372924805 0.5872147083282471 1.5748413801193237 0.711460530757904
-0.129888117313385 0.5729237198829651 0.6684926748275757 0.498839408159256 0.5628067851066589 -1.71488618850708
0.9870683550834656 -0.5385491251945496 -0.21703621745109558 0.9429746866226196 0.1960371881723404 1.2587227821350098
-0.9307765960693359 -1.837944746017456 1.0813217163085938 -1.0000728368759155 0.8617547750473022 0.6950763463973999
1.2771466970443726 0.24257376790046692 1.3939300775527954 -0.7154877185821533 0.9650415778160095 -0.7490831017494202
1.2421541213989258 -0.2601354718208313 -0.5078500509262085 0.9696892499923706 0.6837321519851685 -1.742000937461853
-0.8622270226478577 0.3265156149864197 1.1363015174865723 -1.8404449224472046 -1.5547934770584106 -0.3306201100349426
-1.8784860372543335 0.5689506530761719 0.44083377718925476 1.5301170349121094 -0.586155116558075 0.18676471710205078
-0.6927127242088318 0.9041284322738647 -0.6422361135482788 1.1469358205795288 -0.842156171798706 0.02505219168961048
-1.5169951915740967 -1.091556191444397 1.7582902908325195 0.5366349816322327 0.4445236027240753 0.41092148423194885
-1.1202726364135742 0.8789948225021362 1.075123906135559 0.6764751672744751 -1.01539945602417 -1.5343141555786133
-2.1265769004821777 0.8697826266288757 0.5636088252067566 -0.13485918939113617 0.4081675112247467 0.09753328561782837
-1.1649547815322876 0.500958263874054 -1.512770414352417 1.4331413507461548 0.1455148607492447 1.616612195968628
0.02919468656182289 1.8939001560211182 -0.48392805457115173 0.5679366588592529 0.131068155169487 0.6360481977462769
-1.5058367252349854 -0.5349864363670349 -0.3451194763183594 -0.31252050399780273 -0.3219955563545227 0.7365514039993286
0.3025153875350952 1.7350703477859497 0.07015664875507355 -0.9516514539718628 2.6548664569854736 -0.46482568979263306
-0.14036963880062103 0.6824320554733276 -0.8801037669181824 1.336347222328186 -1.5470738410949707 -0.9773868918418884
0.06920430809259415 -1.1766631603240967 -0.7636101245880127 2.0894908905029297 -0.013667815364897251 -1.045825481414795
-0.5344504117965698 1.2102386951446533 -1.138668417930603 0.07582046836614609 2.04504132270813 -0.8954945802688599
-1.9879720211029053 -0.8157035112380981 -0.24714085459709167 0.15932880342006683 1.4741828441619873 -0.45298364758491516
0.09929338097572327 0.39245715737342834 -1.1098332405090332 -1.896193504333496 -0.06406733393669128 0.6318817734718323
-1.1102538108825684 -0.512060284614563 -0.9756326079368591 -2.0631680488586426 0.6526180505752563 1.0709658861160278
0.853737473487854 0.40324482321739197 1.2854787111282349 2.064016819000244 1.0608423948287964 0.08099297434091568
-1.0751979351043701 -0.10383643954992294 -0.3255169987678528 -0.7074136734008789 -1.6595749855041504 1.1106133460998535
0.752074658870697 -0.23872493207454681 -0.5517744421958923 -1.4701143503189087 0.05895243585109711 -0.37374281883239746
-0.1434723287820816 -1.5457085371017456 0.027779804542660713 -0.8765580058097839 0.6065281629562378 -0.391962468624115
1.5278699398040771 -1.9186334609985352 -0.05066610872745514 1.3629775047302246 0.6387746930122375 -1.0579915046691895
-0.3551773428916931 0.45581892132759094 -0.30989184975624084 -0.6060630083084106 -0.09985081851482391 0.49029067158699036
1.041608214378357 1.2848128080368042 -0.8952612280845642 -0.38562846183776855 -0.3937062919139862 -0.8890603184700012
-1.9511682987213135 -2.0186989307403564 0.3063467741012573 -1.0535060167312622 0.22282935678958893 2.116438388824463
0.770136296749115 1.0182608366012573 -1.9821723699569702 0.9699433445930481 -0.3644094169139862 0.5187973976135254
-0.659016489982605 -0.550128698348999 -2.076991558074951 -0.5008937120437622 -0.7794091701507568 -0.3744007349014282
-0.9796437621116638 1.2789667844772339 -0.6697399020195007 -0.20613312721252441 -0.582151472568512 0.7577442526817322
-0.7329832315444946 -2.1155998706817627 2.161308765411377 -0.11087419092655182 0.8276699781417847 0.2717665731906891
-1.5530586242675781 0.4035415053367615 0.07851973921060562 1.0506983995437622 -0.1113189309835434 0.6636360287666321
-1.7793352603912354 -0.6499754190444946 0.03600369766354561 0.32248085737228394 0.6816498637199402 -1.3243755102157593
-0.26731622219085693 0.035345658659935 0.33541032671928406 0.49553194642066956 -1.0148522853851318 0.12202654033899307
-0.4430549144744873 0.2552708089351654 2.6735634803771973 -1.280423879623413 -0.03693283721804619 -0.7324231863021851
0.5794285535812378 -0.05938674136996269 -0.8427667617797852 -0.013411834836006165 0.12051810324192047 -0.05389220267534256
-0.2653125524520874 0.5591061115264893 -0.10779301822185516 -0.5967508554458618 -0.10684420168399811 -0.7647322416305542
1.5396138429641724 -1.1888092756271362 -1.7337838411331177 1.8670099973678589 0.7060011029243469 0.37429001927375793
0.14010101556777954 -1.3881839513778687 0.4201151728630066 0.3208356201648712 -0.2124318778514862 -0.7417278289794922
1.2698640823364258 1.8712787628173828 1.6469517946243286 1.675782322883606 0.6756547093391418 -0.48158201575279236
0.03665482625365257 -1.2008264064788818 -0.3369072675704956 2.0701184272766113 -0.6505747437477112 0.2532608211040497
-0.5899214148521423 0.9895802140235901 0.6320568323135376 0.19994673132896423 -0.10866910219192505 -1.439262866973877
-0.1432637870311737 0.6073673367500305 -0.7159628868103027 -1.2655898332595825 -0.7651621699333191 0.8264809250831604
2.4558019638061523 0.6856174468994141 -0.1721106916666031 -1.4415541887283325 0.44248008728027344 -1.6882206201553345
0.7459753751754761 -0.5579975843429565 1.6385819911956787 1.722766399383545 0.2254847139120102 0.03376704081892967
-0.6310136318206787 1.2915654182434082 0.45145082473754883 0.23095864057540894 0.7981865406036377 0.5586171746253967
1.404991626739502 -0.09054446965456009 -0.572457492351532 0.10478907823562622 -1.0176321268081665 0.38564425706863403
0.22138428688049316 -0.33254170417785645 1.272172451019287 0.719438374042511 0.6605291366577148 -1.2059662342071533
1.1232950687408447 1.118436574935913 -0.10932411998510361 0.004378958605229855 0.21837064623832703 1.0406478643417358
-0.4013994634151459 -0.511827290058136 -0.8659266233444214 -0.5427906513214111 0.9068496823310852 -0.6784276962280273
-1.443633794784546 0.5411416888237 0.7201905846595764 0.8523289561271667 1.4518558979034424 -0.20212973654270172
1.6727091073989868 -0.9301400184631348 -1.4229048490524292 -0.35005030035972595 0.5538578033447266 -1.0017870664596558
1.1118093729019165 0.6569809913635254 -0.22334766387939453 0.33268752694129944 -2.710235118865967 1.2934222221374512
0.7901179194450378 -0.4640921652317047 -0.3362824022769928 0.9149610996246338 0.5814024806022644 -0.4982515275478363
0.5742369890213013 -0.24524319171905518 -1.3235976696014404 -0.2241509109735489 -1.7444087266921997 -0.08713143318891525
-0.04451671242713928 -1.3047808408737183 1.9401118755340576 0.29193115234375 1.2197245359420776 -0.1882128119468689
0.010358911007642746 -0.6111069321632385 1.52519953250885 -0.06439104676246643 -0.11339843273162842 0.4728379249572754
-2.1532342433929443 0.08274485915899277 0.9524170160293579 0.7179073095321655 -0.1730542778968811 -1.2227933406829834
-3.1613147258758545 -0.02336372435092926 -0.4673236906528473 -0.3038748502731323 0.4749290347099304 0.2746696472167969
0.7178442478179932 -1.23471200466156 -0.7189986109733582 0.7486140131950378 0.598720908164978 0.1884997934103012
0.7628071308135986 -0.74399334192276 0.9096972942352295 -0.8296735286712646 0.7526377439498901 1.60819411277771
0.9811092615127563 0.8189244866371155 -1.0259333848953247 -0.4423239827156067 0.06180816516280174 -2.1464033126831055
-0.6108669638633728 0.28800302743911743 -0.19299769401550293 -1.4610633850097656 -1.3105822801589966 0.07304501533508301
-1.5222004652023315 0.005834201816469431 -0.48134753108024597 1.4572358131408691 -0.421476811170578 0.09917094558477402
0.5582830309867859 0.5795273184776306 -0.5839080810546875 -0.7456273436546326 1.9468287229537964 -0.7133384346961975
0.7707725763320923 -1.2396634817123413 0.1348716765642166 1.4349161386489868 0.35294702649116516 0.4344111979007721
0.381245881319046 0.8021822571754456 0.05190286040306091 2.215630054473877 -1.979161024093628 -1.1488664150238037
-0.8438126444816589 0.47799956798553467 -0.7005612254142761 -0.12516562640666962 0.94913250207901 -0.3072536885738373
0.06008905917406082 -0.9127358198165894 -0.7134266495704651 -1.35597825050354 0.37654224038124084 0.65169358253479
-1.4612261056900024 -0.05926157906651497 -0.5845510959625244 -0.11143296211957932 -1.8623368740081787 1.8905954360961914
-0.48852887749671936 1.1135116815567017 0.9319772124290466 0.971437394618988 1.8981438875198364 -0.7221531867980957
1.8470932245254517 -1.6859500408172607 0.4869915246963501 0.3851155936717987 -0.23917256295681 -0.339948832988739
0.22324097156524658 -0.698394238948822 0.29206109046936035 1.2367525100708008 -0.2597065567970276 -0.522924542427063
1.1517997980117798 -0.0061271898448467255 -0.5521417260169983 0.47664880752563477 0.21942517161369324 1.2673014402389526
-0.6531702876091003 -1.1044813394546509 0.40894070267677307 2.856069564819336 -0.8505533933639526 -0.465788871049881
-1.5265611410140991 -0.6779028177261353 0.440517395734787 0.9658061265945435 0.024882938712835312 1.1790460348129272
-0.02836131863296032 1.3244259357452393 -1.373917579650879 -3.0031044483184814 -0.06507743895053864 -0.25201061367988586
0.5526832938194275 -1.5862315893173218 0.031140025705099106 1.2169238328933716 -1.031108021736145 -0.9391775131225586
0.17591947317123413 -0.14122654497623444 -2.185849905014038 -0.8833982944488525 0.017307953909039497 0.01037532091140747
0.6394217014312744 0.14572089910507202 0.328389972448349 0.9319523572921753 0.14872406423091888 0.6768302321434021
-0.3999135196208954 -0.7728679776191711 -0.5241053104400635 -2.5562455654144287 -0.8833225965499878 1.5719035863876343
0.5562443733215332 0.3813066780567169 0.9490079283714294 0.24971960484981537 0.6553009748458862 1.186859130859375
-1.730676531791687 -1.3231868743896484 -1.7426095008850098 2.3173038959503174 0.5516776442527771 -1.3397084474563599
-1.3239156007766724 -0.412160724401474 0.14323556423187256 0.19424492120742798 1.7719504833221436 0.5381062030792236
-0.16667024791240692 -0.37561577558517456 -0.23726588487625122 -0.22276000678539276 -0.23468400537967682 -1.0279628038406372
1.111718773841858 -2.038252830505371 -0.6812679171562195 1.3595027923583984 -0.07293537259101868 -0.4335913062095642
0.44937461614608765 -1.2647432088851929 -1.7543936967849731 -0.8259252905845642 -0.9479528069496155 -0.2028515785932541
1.1871839761734009 -0.7685080170631409 0.22056779265403748 0.04352662339806557 -1.6888142824172974 0.9248446226119995
0.5536086559295654 0.10029090195894241 -2.421931266784668 0.8499493598937988 -0.5009300112724304 -0.7272895574569702
-0.19465306401252747 -0.33219408988952637 -0.9394028186798096 -1.2700883150100708 0.7395069599151611 0.05104367434978485
-0.7289151549339294 1.2625161409378052 -0.25426456332206726 0.7765969038009644 -0.3042081296443939 0.7498459219932556
0.016985008493065834 -1.4151833057403564 0.29438748955726624 0.7771035432815552 0.03293110430240631 1.4190788269042969
-0.6408059597015381 0.13611555099487305 0.8822622895240784 -0.7400228381156921 1.6098923683166504 0.3555980920791626
1.633061170578003 -0.5955682992935181 -0.3316851556301117 0.03886806592345238 1.27536141872406 0.3209044337272644
0.6813251972198486 0.47378459572792053 1.0217454433441162 -0.38934776186943054 1.0247246026992798 0.9209522604942322
0.18499474227428436 -0.287643164396286 -1.5191924571990967 -0.868769645690918 -1.195655345916748 -0.4723831117153168
-0.7205008268356323 -0.1339835375547409 -2.139557361602783 -1.0031863451004028 -0.9964712262153625 0.1713714599609375
-0.27051234245300293 -3.204984426498413 -0.3233834505081177 -0.15686553716659546 0.6682535409927368 1.5961028337478638
0.12536416947841644 -0.806113600730896 -1.8763765096664429 -0.7928482294082642 1.390310287475586 -1.1887834072113037
0.2267368733882904 0.06294943392276764 -0.23080477118492126 -0.28274452686309814 -1.4604448080062866 0.6943729519844055
0.16991765797138214 1.6169331073760986 -1.5601526498794556 0.21147757768630981 -0.18670031428337097 -0.464953750371933
0.9723891615867615 0.25929927825927734 -0.8801466822624207 -0.9321532249450684 -0.1567036211490631 -1.1142551898956299
1.726128339767456 -0.7876569628715515 1.761497974395752 -0.8987953662872314 0.9449586868286133 0.8333128094673157
0.8472756147384644 -0.6669325828552246 0.7599481344223022 0.7409868240356445 0.8516870141029358 -2.2462656497955322
0.373291015625 -0.7188618183135986 -0.7151424288749695 -0.3434063792228699 -2.5809903144836426 0.6629931330680847
0.645910918712616 -1.4235758781433105 0.8079216480255127 1.0416254997253418 0.9605500102043152 0.7678228616714478
0.644547164440155 -0.2054564505815506 1.3944830894470215 -0.6565518379211426 -0.592936635017395 1.4130865335464478
0.7090768218040466 0.3085061013698578 -0.028728077188134193 -0.5593261122703552 0.5988496541976929 0.8371254205703735
-0.37048375606536865 -1.5880248546600342 -0.18988877534866333 0.523095965385437 1.1337872743606567 -1.0046100616455078
0.6038158535957336 -0.835759162902832 1.9041296243667603 -0.21665425598621368 -2.0929269790649414 -1.2814220190048218
-1.3921854496002197 0.7188410758972168 -0.7460948824882507 0.235921248793602 -1.0646268129348755 -0.35247287154197693
-0.8395918011665344 0.4550580382347107 1.1382046937942505 -1.5419093370437622 0.7842172384262085 -1.1458054780960083
0.9668041467666626 -0.7149057388305664 -1.9049986600875854 -1.017084002494812 1.4988372325897217 -0.13449080288410187
-1.1462708711624146 0.6099913120269775 -0.12188788503408432 0.5528703927993774 0.17958451807498932 0.5656625628471375
-0.152293860912323 -0.9600030183792114 -0.8623998165130615 0.20656587183475494 -0.08872132003307343 -1.0418950319290161
-0.6348990201950073 -0.1710558533668518 -0.40082257986068726 -0.36391451954841614 0.542054295539856 0.6103546619415283
0.009048251435160637 0.4623372554779053 0.6647902727127075 0.3942747712135315 -0.13324350118637085 -0.7859740257263184
tensor w_dkv 2 24 32
-0.04830024391412735 -0.09825770556926727 -0.13161522150039673 0.09173556417226791 -0.0372009351849556 0.05733282119035721
0.03405303135514259 -0.08865159749984741 -0.0644870176911354 -0.061283938586711884 0.017109133303165436 -0.16963531076908112
0.0016399127198383212 0.1057824119925499 -0.14967849850654602 -0.1220187246799469 -0.026111532002687454 0.017871633172035217
-0.16488933563232422 -0.05922207236289978 0.08118991553783417 -0.1394496113061905 0.1132742241024971 -0.134514719247818
0.10487579554319382 -0.10682567209005356 0.11864902079105377 -0.04543109983205795 -0.15046487748622894 0.07878512144088745
0.11377938091754913 0.17466767132282257 0.15230953693389893 0.1156444177031517 -0.05913107842206955 -0.16267913579940796
0.031684860587120056 -0.056455112993717194 -0.1539592295885086 0.144172802567482 0.07612281292676926 0.10341706871986389
0.10018202662467957 -0.03969638794660568 0.05676061287522316 -0.043927550315856934 0.03352842852473259 -0.16417081654071808
0.17147168517112732 -0.03917699307203293 0.05054464936256409 0.17497362196445465 0.07289362698793411 -0.07081715762615204
0.15847726166248322 0.10205020755529404 0.03969183564186096 0.02823035977780819 -0.00637220311909914 -0.10382062196731567
-0.012310040183365345 0.17172850668430328 0.015085452236235142 -0.16736237704753876 -0.05165945366024971 -0.1291077882051468
0.019916323944926262 -0.04162909463047981 0.1551281064748764 -0.15541203320026398 0.16737902164459229 -0.09085406363010406
-0.003832960734143853 -0.12154731899499893 -0.15445156395435333 -0.051127415150403976 0.09736699610948563 -0.09400304406881332
0.013394732028245926 0.061068423092365265 0.05725826323032379 0.11873045563697815 0.1256432980298996 0.09785416722297668
0.1463089883327484 -0.018344732001423836 0.021250419318675995 -0.16847652196884155 -0.14129850268363953 0.16307668387889862
-0.0823463425040245 -0.175556942820549 0.16944558918476105 -0.1180349662899971 0.15535642206668854 -0.0419282540678978
-0.045271046459674835 -0.1523911952972412 -0.13078655302524567 -0.17075596749782562 -0.048750247806310654 -0.06579384207725525
0.05347602441906929 -0.09167946875095367 -0.11377090960741043 -0.11474378407001495 0.014482099562883377 -0.07618464529514313
-0.16868312656879425 -0.10376760363578796 0.10133480280637741 -0.1560663878917694 -0.12420389801263809 -0.05986243113875389
-0.03340793028473854 0.15467338263988495 0.10614188760519028 0.15567521750926971 -0.02129962667822838 0.11095524579286575
-0.008313676342368126 -0.13640399277210236 -0.12677408754825592 0.1755875051021576 -0.09265607595443726 -0.09185880422592163
-0.10557587444782257 -0.12547458708286285 0.048188094049692154 0.08206303417682648 0.13730454444885254 0.14621727168560028
0.08485104888677597 -0.034878794103860855 0.1624831110239029 -0.1755630075931549 0.059403326362371445 -0.008240425027906895
0.020080192014575005 0.03652658686041832 -0.09947928786277771 0.09141339361667633 -0.15890663862228394 0.16979588568210602
0.13437344133853912 0.0556674525141716 0.056403208523988724 -0.00940361525863409 -0.0503598153591156 0.1208980455994606
0.10027449578046799 -0.16367578506469727 -0.09111592173576355 -0.02977040410041809 -0.1555439680814743 -0.13165225088596344
0.13047903776168823 -0.09272301942110062 0.029083790257573128 0.07884465903043747 0.14989182353019714 0.13028797507286072
-0.07555273175239563 -0.11147774010896683 -0.15825800597667694 0.14832034707069397 0.02654130384325981 -0.037998247891664505
0.0563993938267231 -0.07492712885141373 -0.07692790031433105 0.0908101424574852 -0.002870179247111082 -0.14705157279968262
0.09687475860118866 -0.15612728893756866 0.14395131170749664 -0.15409038960933685 -0.09277749806642532 0.06820957362651825
0.13398844003677368 0.13875530660152435 -0.15694928169250488 0.09796567261219025 0.01878676749765873 0.1289176195859909
-0.10578896850347519 0.1032160073518753 -0.05353901535272598 0.17078201472759247 0.030170315876603127 -0.16710367798805237
0.07700863480567932 0.13491486012935638 -0.17391447722911835 -0.01833845116198063 -0.04904835298657417 -0.15097719430923462
0.07357556372880936 0.05474277213215828 0.14118769764900208 0.03660124912858009 0.04604345187544823 -0.13422033190727234
0.10414721816778183 0.020776141434907913 -0.12112559378147125 -0.052723031491041183 -0.10364552587270737 -0.046310704201459885
-0.14931300282478333 0.11662241071462631 -0.13050447404384613 0.13356249034404755 0.1482127606868744 -0.12505701184272766
0.017148267477750778 -0.1406072974205017 0.12324930727481842 0.08348315209150314 -0.04846377670764923 -0.007624996826052666
-0.06903895735740662 -0.0751967802643776 0.02142391726374626 0.1492256373167038 -0.05941618233919144 0.11021602898836136
-0.080031618475914 -0.038450442254543304 -0.1524694263935089 -0.07401420921087265 0.12190457433462143 0.11700784415006638
0.10546540468931198 -0.11015257984399796 -0.16279566287994385 0.012632527388632298 -0.07548393309116364 -0.05213712528347969
-0.08595961332321167 -0.1563129872083664 0.15283091366291046 -0.07697192579507828 -0.021348431706428528 0.1312469244003296
-0.13241395354270935 0.023201270028948784 0.14184768497943878 -0.03412807360291481 -0.1355196088552475 -0.12119760364294052
0.0875910148024559 -0.09603150933980942 0.07830184698104858 -0.08245061337947845 0.04286614805459976 0.0679025948047638
-0.03144491836428642 0.11309581995010376 -0.17672911286354065 0.09139790385961533 0.14691291749477386 -0.09931622445583344
0.16589808464050293 -0.07971176505088806 0.04442718252539635 -0.13933223485946655 -0.10665607452392578 0.06024976074695587
-0.10062077641487122 -0.03365025296807289 0.11963935196399689 0.034988563507795334 -0.06848976761102676 -0.12726959586143494
-0.10797128826379776 0.15578612685203552 0.10700058192014694 -0.164982408285141 -0.01035122387111187 -0.08446455746889114
-0.11921179294586182 -0.036950480192899704 -0.056230343878269196 -0.15160997211933136 0.12526530027389526 0.07653956115245819
0.10713504999876022 -0.1372663378715515 -0.07224804162979126 -0.07287805527448654 -0.07865773141384125 0.022538533434271812
-0.1440875083208084 0.14440923929214478 0.10746034234762192 0.11925479769706726 0.04541889578104019 -0.011224569752812386
-0.055160339921712875 -0.027226146310567856 -0.0889011025428772 -0.14419275522232056 0.06584665179252625 0.14948993921279907
-0.05711960047483444 0.1486085206270218 0.1385422945022583 -0.025803860276937485 -0.033686500042676926 -0.1726152002811432
0.12159214168787003 -0.12633591890335083 0.0997559204697609 0.01813850738108158 0.15512722730636597 -0.04258646070957184
-0.056107357144355774 -0.022861989215016365 -0.062158867716789246 0.13333658874034882 0.0937211662530899 -0.10218322277069092
0.10834329575300217 -0.03555493429303169 -0.07826193422079086 0.10985872894525528 -0.08384959399700165 0.16595087945461273
0.039851635694503784 0.12795455753803253 -0.14965945482254028 0.1759355515241623 -0.09181638062000275 0.03510543704032898
0.12383418530225754 0.03698426112532616 0.030581964179873466 -0.0855158269405365 0.15672844648361206 -0.08399525284767151
0.10469597578048706 -0.009304485283792019 0.1569676250219345 0.16066832840442657 -0.03891801834106445 0.1285228431224823
0.06423628330230713 0.013852741569280624 0.16205637156963348 0.07625966519117355 -0.019664349034428596 0.1664533019065857
-0.11086464673280716 0.10412713885307312 0.12556268274784088 -0.17499177157878876 -0.112957663834095 0.13441124558448792
-0.12207994610071182 0.08048246055841446 0.09834408760070801 -0.138024240732193 -0.09136804193258286 0.018934324383735657
-0.1564841866493225 -0.0942557156085968 -0.028796982020139694 0.1257551908493042 0.15789343416690826 -0.09741217643022537
-0.1171855628490448 -0.1700567603111267 0.08340490609407425 -0.10249000787734985 -0.129470095038414 0.11482763290405273
0.0013745140749961138 -0.13219189643859863 -0.027522923424839973 -0.1375596672296524 0.04783700779080391 0.055931415408849716
-0.17616115510463715 -0.051091503351926804 0.13445931673049927 -0.0036414454225450754 -0.07372094690799713 -0.04674157127737999
-0.1357457935810089 -0.17069514095783234 -0.008049732074141502 0.08823113888502121 0.11151164770126343 -0.17103123664855957
-0.11999306827783585 -0.07570423185825348 -0.042539212852716446 -0.004073661286383867 -0.06463754177093506 0.09376217424869537
-0.10791666805744171 -0.0793679729104042 0.03525644913315773 0.06130566820502281 -0.017648275941610336 0.16791027784347534
0.0750371515750885 -0.1636468470096588 -0.16876274347305298 -0.07798374444246292 -0.07784221321344376 0.10212111473083496
0.15338101983070374 -0.04541580006480217 0.029322046786546707 -0.12957873940467834 0.12493827939033508 0.12318067252635956
-0.13400672376155853 -0.02139325439929962 0.043645378202199936 -0.018673371523618698 -0.08330444246530533 -0.08504405617713928
-0.09694106131792068 -0.0010391094256192446 -0.1550220251083374 0.038046758621931076 0.1334787905216217 0.006517904810607433
-0.1150892823934555 -0.17363382875919342 -0.03585769608616829 -0.15672056376934052 -0.025886783376336098 -0.10810498148202896
-0.09704945981502533 0.10139374434947968 0.07902776449918747 -0.03791281580924988 0.03181583434343338 -0.1227087527513504
0.006751672364771366 0.07660480588674545 0.10525289922952652 0.012771780602633953 -0.019417958334088326 0.10985181480646133
-0.12776334583759308 0.06166960671544075 -0.07097145915031433 -0.01006308663636446 0.07722143083810806 0.016500933095812798
0.047616664320230484 0.11567012965679169 -0.13435013592243195 0.09361031651496887 0.014041980728507042 0.10481353849172592
0.013442441821098328 0.0038581225089728832 -0.00832071527838707 0.16624723374843597 -0.06470990926027298 -0.05090080946683884
-0.05551121383905411 -0.1365298628807068 0.056999437510967255 0.13053104281425476 -0.07885175943374634 0.08907970041036606
-0.006971236318349838 -0.09876854717731476 0.054392531514167786 0.17534692585468292 0.12390454858541489 0.006253559608012438
0.08862066268920898 -0.025843603536486626 -0.026690630242228508 0.12870897352695465 0.15199995040893555 0.1263570785522461
-0.07071364670991898 0.02361123263835907 0.06451725959777832 -0.1093282699584961 -0.07664783298969269 0.1286855787038803
-0.05030007287859917 0.14597493410110474 -0.01895775832235813 -0.16233745217323303 -0.1618492752313614 0.13405078649520874
-0.07844290882349014 0.13421234488487244 0.0529564805328846 0.058285169303417206 0.07349388301372528 -0.016320418566465378
0.095183826982975 -7.64965261623729e-06 -0.08044467866420746 0.019300222396850586 -0.03393356502056122 -0.10999751836061478
-0.09608790278434753 0.10236746817827225 0.1177205741405487 -0.01670859009027481 -0.018638325855135918 -0.14288689196109772
0.02527586556971073 -0.07331973314285278 0.11427342146635056 -0.12035223841667175 0.004596282262355089 0.1623680740594864
-0.11965077370405197 0.1692589819431305 0.11055638641119003 -0.1365741640329361 0.10774068534374237 -0.15729445219039917
0.14388799667358398 -0.08025524765253067 0.053515031933784485 -0.005356906447559595 -0.10504572838544846 -0.044243231415748596
0.06077703833580017 0.08742620050907135 -0.04344077780842781 -0.013544521294534206 0.14144928753376007 -0.12069763243198395
0.11862790584564209 -0.02308460883796215 -0.008111603558063507 0.053580380976200104 -0.08858835697174072 -0.17548058927059174
-0.17557008564472198 -0.011019419878721237 0.011630001477897167 0.08624560385942459 0.011688732542097569 -0.12742716073989868
-0.09681451320648193 -0.0003585010999813676 -0.029106823727488518 0.0090503403916955 -0.1261417418718338 -0.09046045690774918
0.053862281143665314 0.07721483707427979 -0.11418379843235016 -0.08288323134183884 0.17344899475574493 0.12382347881793976
-0.15582391619682312 0.17453232407569885 0.03564438968896866 0.0501566044986248 -0.08677199482917786 0.04381440952420235
-0.17636756598949432 -0.1152174100279808 -0.1275092214345932 0.09408744424581528 -0.16602420806884766 0.07794161885976791
-0.008784519508481026 -0.07760840654373169 0.06026402860879898 -0.0012430158676579595 0.09643407166004181 0.11673806607723236
0.11197703331708908 0.10341332107782364 -0.04552673175930977 -0.04633879289031029 -0.032148413360118866 0.15701410174369812
0.11783090978860855 -0.030704695731401443 0.006955473218113184 -0.16646571457386017 -0.08904822170734406 0.13220344483852386
-0.10523475706577301 -0.12607678771018982 -0.06846306473016739 -0.15277892351150513 0.1222708523273468 -0.1761551946401596
-0.024414172396063805 0.051601145416498184 -0.019340766593813896 -0.10629449784755707 0.08048060536384583 0.004110898356884718
-0.12425839155912399 0.001034979010000825 0.02126297913491726 -0.006399303209036589 0.06336984783411026 -0.012520711869001389
0.03712134063243866 -0.0990852564573288 -0.11597763001918793 -0.0731734186410904 0.12172224372625351 -0.001914078020490706
-0.12026874721050262 -0.06328564137220383 0.07465473562479019 -0.023418137803673744 -0.040969476103782654 -0.1399715542793274
-0.10382778942584991 -0.04448142647743225 0.026000643149018288 -0.11340545117855072 0.0056209987960755825 -0.037154678255319595
-0.12866859138011932 0.013983038254082203 0.06082260236144066 -0.14271695911884308 -0.006415150593966246 -0.15552443265914917
0.11106114089488983 0.16780734062194824 0.12562042474746704 0.11002059280872345 -0.06907499581575394 -0.13001832365989685
-0.08878513425588608 0.0028706006705760956 0.06888832896947861 -0.1293802708387375 -0.018842697143554688 -0.11574868857860565
-0.13137704133987427 0.15852846205234528 -0.08987043797969818 -0.11523997783660889 0.135921448469162 0.16674108803272247
-0.07591234892606735 0.029777465388178825 -0.12241505831480026 -0.0473942793905735 0.10941934585571289 -0.16499321162700653
-0.1517207771539688 0.14453545212745667 -0.01292677503079176 -0.03647004812955856 0.05925161764025688 -0.03762040287256241
0.006988621782511473 0.0811072289943695 0.1351068764925003 0.02905317023396492 -0.05440136045217514 -0.10410328209400177
-0.16447316110134125 -0.009871318936347961 -0.011652613058686256 0.09151608496904373 0.035568419843912125 -0.11687540262937546
0.13803543150424957 -0.17300032079219818 -0.0023109959438443184 0.06166062876582146 0.11804691702127457 -0.03955376148223877
0.16210994124412537 -0.14238859713077545 0.009423676878213882 -0.08483228832483292 0.06349315494298935 -0.11809858679771423
-0.1660926342010498 0.09524589031934738 -0.12542511522769928 -0.12556098401546478 -0.004537466447800398 -0.04986749589443207
0.10759645700454712 0.08184458315372467 -0.09441494196653366 -0.14041806757450104 -0.10630172491073608 0.004068266600370407
0.046706315129995346 0.053603772073984146 -0.10430917143821716 0.16270586848258972 0.05372846499085426 0.13862669467926025
0.12470841407775879 0.0298023521900177 -0.03724660351872444 -0.04858195409178734 0.019517993554472923 0.1590861827135086
0.04830370098352432 -0.14631783962249756 0.025748541578650475 -0.12504695355892181 -0.012330924160778522 -0.023507529869675636
0.16316910088062286 -0.018446937203407288 0.11967542767524719 0.15437579154968262 0.13405652344226837 0.08457653969526291
0.12872667610645294 0.0364292711019516 0.10455027222633362 -0.10019991546869278 0.038954686373472214 0.13782565295696259
0.03074762225151062 -0.0910879373550415 -0.06455972045660019 0.16509541869163513 0.038962021470069885 -0.11856833100318909
0.16257300972938538 0.08887151628732681 0.022206246852874756 0.0573456771671772 0.0870504379272461 -0.14673146605491638
0.11147031933069229 0.14623379707336426 -0.16310840845108032 0.0415104515850544 0.062355101108551025 -0.06499290466308594
-0.16398490965366364 -0.13847629725933075 0.04765160381793976 0.14139902591705322 -0.14311151206493378 0.1191304475069046
-0.06696347892284393 0.10547219216823578 -0.014361938461661339 0.10718139261007309 -0.020367253571748734 -0.15459765493869781
-0.16795620322227478 0.1481940746307373 0.05310578644275665 -0.06731146574020386 -0.025557827204465866 -0.10918658971786499
tensor w_uk 2 32 24
0.011813255026936531 -0.020091339945793152 -0.05979693681001663 0.2035818248987198 0.002306158421561122 -0.013822082430124283
-0.013081224635243416 -0.060676299035549164 0.18559792637825012 -0.15544363856315613 -0.20031948387622833 0.17127873003482819
-0.09779015928506851 -0.12464820593595505 0.19284439086914062 -0.10587148368358612 -0.11922383308410645 -0.16962602734565735
-0.006592211313545704 0.0773424357175827 0.2015085220336914 -0.15037710964679718 -0.05499192327260971 -0.16375140845775604
0.008123688399791718 0.03432874754071236 0.09377589076757431 -0.1965118795633316 -0.061789486557245255 -0.17346543073654175
-0.1616716980934143 0.04368183761835098 0.17125166952610016 -0.004398839082568884 -0.1510671079158783 -0.014992158859968185
0.19904407858848572 0.19891534745693207 0.14028340578079224 -0.17695264518260956 0.1922551989555359 -0.1775960624217987
0.044451113790273666 -0.050553224980831146 -0.13644133508205414 0.0071041639894247055 0.0022893925197422504 -0.20314937829971313
-0.15253981947898865 -0.19958126544952393 0.11165640503168106 0.04097502678632736 -0.200476735830307 -0.1188284158706665
0.1495564877986908 0.15871025621891022 0.05412238836288452 0.15679122507572174 0.12120766937732697 -0.08913169801235199
0.02814630977809429 -0.015337694436311722 0.09526171535253525 -0.019433239474892616 0.14602841436862946 0.1793515533208847
0.035600244998931885 -0.006564909126609564 0.1594575196504593 0.0229718666523695 -0.01102988701313734 -0.04595548287034035
0.04022137075662613 0.18002593517303467 -0.07415398955345154 0.17433471977710724 -0.08087470382452011 0.11596681922674179
-0.16238076984882355 0.05181613564491272 0.1286996304988861 -0.05375149846076965 -0.11049336194992065 -0.17568114399909973
-0.14502498507499695 -0.14845585823059082 -0.1066281870007515 0.14830006659030914 0.09717807918787003 -0.1838853508234024
-0.08068916201591492 -0.009714125655591488 -0.16790491342544556 0.14641593396663666 -0.14438089728355408 0.0877506211400032
-0.02463352680206299 0.013054092414677143 0.041249800473451614 0.06653466075658798 0.13091418147087097 -0.09787148237228394
0.12739317119121552 0.10553242266178131 0.03299402818083763 -0.018383735790848732 0.03163694962859154 0.05867723003029823
0.07412000000476837 -0.10720143467187881 -0.1685492843389511 -0.057925496250391006 0.16513867676258087 0.0027122600004076958
-0.2029346525669098 0.15837149322032928 0.07280024886131287 0.06613989919424057 -0.17732487618923187 0.030644848942756653
-0.1339629739522934 -0.12667421996593475 0.06805871427059174 0.19670751690864563 0.12973223626613617 0.058712441474199295
0.16205215454101562 -0.046185534447431564 -0.16593211889266968 -0.06312361359596252 -0.05291087552905083 -0.18088987469673157
-0.2033098340034485 0.126287043094635 0.08741793781518936 0.004747976083308458 0.017560655251145363 -0.027466481551527977
-0.16258923709392548 0.019351746886968613 -0.1255800575017929 0.09921101480722427 0.1044681966304779 -0.16480180621147156
0.0772569477558136 -0.039031777530908585 -0.17868652939796448 -0.15396729111671448 0.14294704794883728 -0.14734962582588196
-0.12127203494310379 0.11533033102750778 -0.12735825777053833 -0.1180252656340599 0.09870244562625885 0.05106622353196144
0.03286482021212578 -0.050907034426927567 0.1290559470653534 -0.03567149117588997 -0.03514087572693825 0.002952893963083625
0.022697262465953827 0.010079664178192616 0.14668841660022736 -0.02253400906920433 -0.0655890628695488 0.10729368031024933
0.0023631961084902287 -0.157375767827034 0.15054313838481903 -0.0013217955129221082 -0.12725897133350372 0.18225672841072083
0.000867708120495081 -0.006192047148942947 -0.16237561404705048 0.11571523547172546 -0.1694560945034027 -0.09244299679994583
0.04899322986602783 -0.11906342953443527 -0.015057493932545185 -0.16172145307064056 0.031898267567157745 -0.08206743746995926
0.09810803085565567 -0.19492003321647644 0.029972150921821594 0.17841924726963043 0.049726277589797974 0.03462957963347435
-0.07635527104139328 -0.09999927878379822 0.09265956282615662 0.11733516305685043 0.13409541547298431 0.1910259872674942
0.018439946696162224 0.05955304205417633 -0.05912070721387863 -0.06486107409000397 0.040406305342912674 -0.001036874600686133
-0.012207676656544209 -0.18575924634933472 0.10758531838655472 0.010922357439994812 0.01914907433092594 0.1628759354352951
-0.1000523716211319 -0.0956549197435379 0.11747447401285172 -0.06414506584405899 0.17688830196857452 -0.10095293074846268
0.20052464306354523 -0.06199111044406891 -0.15590205788612366 0.10138862580060959 0.09528733789920807 -0.19787010550498962
0.17680688202381134 0.10642483085393906 0.02465812861919403 -0.059717755764722824 0.08271858096122742 -0.1066117063164711
-0.16094084084033966 -0.0033752017188817263 -0.025302261114120483 0.13488996028900146 0.10783444344997406 0.0800933837890625
0.18822337687015533 -0.06918153911828995 0.060680266469717026 0.11680245399475098 0.12653644382953644 -0.03282934054732323
0.13769908249378204 -0.1447490155696869 0.022803988307714462 -0.14883598685264587 -0.17130649089813232 0.04653831943869591
0.020416848361492157 -0.0717182531952858 -0.13657371699810028 -0.19626441597938538 0.04552697017788887 -0.06668740510940552
-0.09605282545089722 -0.1996912956237793 0.17563313245773315 0.06859186291694641 -0.09178260713815689 0.033006973564624786
-0.1539289504289627 0.1782071590423584 -0.13166429102420807 -0.05306264013051987 0.10242639482021332 0.0032106831204146147
0.027427377179265022 -0.10544683784246445 -0.02056710794568062 0.07666634768247604 -0.09434743225574493 0.1621137410402298
-0.047898635268211365 0.017871856689453125 -0.04958662763237953 -0.10744354873895645 -0.13749249279499054 0.12095581740140915
0.15198929607868195 -0.15893621742725372 0.15684626996517181 0.16727331280708313 0.10161799192428589 0.15630662441253662
0.14533695578575134 -0.14465460181236267 0.07031168043613434 0.19484665989875793 -0.014775517396628857 0.14120151102542877
0.09106805920600891 0.08172132074832916 -0.0033555403351783752 0.16528555750846863 0.14743389189243317 -0.18561427295207977
0.0171826109290123 -0.12512502074241638 -0.013788282871246338 -0.17178669571876526 0.11426512897014618 -0.02523086592555046
0.2008659988641739 0.184175506234169 -0.03918186575174332 0.11513198912143707 0.19490981101989746 -0.1234707310795784
0.013525505550205708 -0.07694733142852783 0.17392177879810333 -0.1634712964296341 0.10117047280073166 -0.04416166990995407
0.05250737443566322 -0.024030104279518127 -0.019330089911818504 0.03586161136627197 -0.06269257515668869 -0.1859714835882187
0.04666298255324364 0.17558600008487701 0.1458621472120285 0.036927271634340286 0.15180139243602753 -0.1793275624513626
0.09459507465362549 -0.10051152110099792 0.13975101709365845 -0.08562472462654114 -0.028759684413671494 0.050881385803222656
0.1484937220811844 0.1291598081588745 0.10603843629360199 -0.06429819762706757 -0.1059667244553566 0.12145565450191498
-0.07077192515134811 0.033544331789016724 -0.06503559648990631 0.10045728087425232 -0.08952298015356064 -0.029831502586603165
-0.0646502748131752 -0.05533052235841751 0.11917660385370255 0.1981598138809204 -0.07960598170757294 0.17423929274082184
0.01571367122232914 -0.04326780140399933 -0.0481085367500782 -0.13448314368724823 -0.15304601192474365 -0.17334307730197906
0.02651277929544449 -0.1631108969449997 -0.11136803030967712 -0.04060289263725281 -0.20126871764659882 0.014874846674501896
-0.13215306401252747 0.03153450787067413 0.06726561486721039 -0.052115458995103836 -0.02285769395530224 0.17287160456180573
0.09115210175514221 -0.1935175657272339 0.06337805092334747 0.1692839413881302 0.20109130442142487 -0.10506214946508408
0.07587728649377823 -0.05666910856962204 0.1270626187324524 0.02088305354118347 -0.19811022281646729 -0.10136652737855911
0.12356400489807129 0.04134036973118782 0.18143579363822937 0.06841756403446198 0.10464298725128174 -0.1581745594739914
0.15044747292995453 -0.15573446452617645 0.10837194323539734 0.05951087176799774 -0.08412434905767441 0.001289650914259255
0.1631847769021988 0.07869547605514526 -0.1063159629702568 0.01828499138355255 -0.09629068523645401 0.09067866951227188
0.07225887477397919 -0.07543575763702393 -0.11705810576677322 -0.06452897191047668 0.17882823944091797 -0.10353861004114151
0.14641137421131134 0.053875915706157684 0.1418578028678894 0.18548089265823364 0.0935516282916069 0.14180967211723328
0.2023315578699112 0.14547650516033173 0.08579452335834503 0.1977318376302719 0.06815846264362335 0.0488155223429203
-0.11454664170742035 -0.04575750604271889 -0.18832509219646454 -0.027307389304041862 0.09054160118103027 -0.04212673008441925
0.05555879697203636 -0.005241751205176115 0.03444274887442589 0.11867830157279968 -0.11019844561815262 0.18097397685050964
0.15050004422664642 -0.08164136111736298 -0.19302460551261902 0.1364767998456955 0.09459178894758224 0.15957774221897125
-0.0876925140619278 0.11861880868673325 -0.12219259142875671 0.0878104567527771 0.12222712486982346 -0.18501923978328705
0.029199732467532158 0.13074438273906708 -0.013823031447827816 -0.16482824087142944 0.1838615983724594 0.10647469013929367
-0.04361233860254288 -0.18900828063488007 0.07011657953262329 0.02832435816526413 -0.14339958131313324 0.14699013531208038
-0.00966862216591835 -0.034148216247558594 -0.10118366032838821 0.17805606126785278 0.0642760768532753 -0.19569659233093262
-0.17530786991119385 -0.002326501067727804 0.11470919102430344 -0.015432302840054035 0.06926227360963821 -0.1282017081975937
0.039734870195388794 0.1206810474395752 -0.13211579620838165 0.03854914754629135 -0.03470204770565033 -0.055380553007125854
-0.13870693743228912 0.06661780923604965 -0.025879548862576485 -0.09412404894828796 -0.17093978822231293 -0.17217111587524414
0.08479084074497223 0.17923855781555176 -0.021276818588376045 -0.04594840481877327 0.1739472597837448 0.021702850237488747
-0.003964072559028864 -0.18074801564216614 -0.07803766429424286 0.11902086436748505 0.2031298577785492 -0.13442166149616241
0.030612388625741005 0.1493893563747406 -0.18753783404827118 -0.13985379040241241 0.06553516536951065 -0.1682211458683014
-0.10912370681762695 0.05537848547101021 0.1166520044207573 0.14194484055042267 -0.1855200082063675 -0.07862473279237747
-0.12141097337007523 -0.07315334677696228 -0.11635790765285492 -0.07526209205389023 0.1876067966222763 -0.0542806051671505
0.13790954649448395 -0.024072859436273575 0.1563643366098404 0.05939903482794762 0.027817249298095703 -0.15695230662822723
0.0744108334183693 -0.017742939293384552 -0.13646423816680908 0.03714904561638832 0.12308142334222794 0.1558123379945755
0.012509338557720184 0.12772685289382935 0.08565901219844818 0.0011851629242300987 -0.03860068693757057 0.18160995841026306
-0.12165703624486923 -0.14852900803089142 0.14059844613075256 0.03128275275230408 -0.06408415734767914 0.09638906270265579
0.17717716097831726 0.07508856803178787 -0.15586939454078674 -0.09526792168617249 -0.09365568310022354 -0.1508878469467163
0.12547075748443604 0.01700969785451889 -0.005649239756166935 0.19026336073875427 -0.1979454606771469 -0.0691881775856018
-0.09721433371305466 0.19770416617393494 -0.08159329742193222 -0.007516981568187475 -0.07757847011089325 0.02461208961904049
0.05291459709405899 -0.08005890250205994 0.16203032433986664 -0.018740586936473846 -0.1661577671766281 0.0746353343129158
-0.18286295235157013 0.12020131200551987 0.13698343932628632 0.030214950442314148 -0.0030479892157018185 -0.14041967689990997
-0.0758817195892334 -0.19574308395385742 -0.017938116565346718 0.1359443962574005 -0.0429358184337616 -0.0554046668112278
-0.17782831192016602 0.11276862025260925 0.028982896357774734 -0.18176938593387604 0.178618386387825 0.17147614061832428
-0.027646232396364212 -0.10720191895961761 0.04304945841431618 -0.16991449892520905 -0.04679294675588608 -0.004826548974961042
0.07884296029806137 0.1162099838256836 0.20186683535575867 -0.15184994041919708 -0.012216874398291111 -0.10211162269115448
0.10536520183086395 0.16812579333782196 0.1028384119272232 -0.007737589068710804 0.0017145624151453376 0.09279295802116394
0.12483470141887665 -0.02439878135919571 -0.036630816757678986 0.05991403013467789 0.08098377287387848 -0.1142980307340622
0.13240380585193634 -0.07338201254606247 -0.05019077658653259 0.1775977462530136 0.05869326740503311 0.18055365979671478
0.16835834085941315 -0.0646321251988411 -0.15490585565567017 -0.190127432346344 -0.10301420092582703 0.13060906529426575
-0.1062842532992363 0.1647120863199234 0.029168754816055298 -0.03852564096450806 -0.04360175505280495 -0.14585748314857483
0.11849937587976456 -0.059862442314624786 0.01765543594956398 0.003318212693557143 0.0036205321084707975 0.18296489119529724
0.05633416026830673 -0.04250652715563774 0.15625472366809845 -0.13540217280387878 0.130269393324852 -0.033350247889757156
0.08174166083335876 -0.04273002967238426 0.15081632137298584 -0.18196889758110046 -0.17457477748394012 0.08381602168083191
0.03275590017437935 0.049856752157211304 -0.2020537555217743 -0.08330661803483963 -0.04455433785915375 -0.07529763877391815
-0.04958798736333847 -0.03076544590294361 -0.07293254882097244 -0.0511554554104805 0.12219449132680893 0.19939401745796204
0.1918506771326065 -0.13238666951656342 0.12057416886091232 0.10719892382621765 -0.002324943896383047 0.1589701920747757
-0.19954374432563782 0.20058318972587585 -0.1392255574464798 0.004022862296551466 0.041130129247903824 0.13679096102714539
-0.06778939813375473 -0.12829750776290894 0.11454012244939804 -0.13542672991752625 -0.028254935517907143 -0.13620568811893463
-0.09637293219566345 -0.03888183459639549 0.10504918545484543 0.05829305201768875 -0.11730978637933731 -0.09331449866294861
0.11604266613721848 -0.04441344738006592 0.08640101552009583 0.026837898418307304 -0.12027221918106079 -0.11910262703895569
0.09978314489126205 0.1665632426738739 -0.010619794018566608 -0.1985202431678772 -0.012437433004379272 -0.0564957819879055
-0.1861412674188614 0.034981321543455124 0.0012988003436475992 0.09182694554328918 -0.10229049623012543 -0.17805390059947968
0.20190662145614624 0.04800489917397499 -0.1036253571510315 0.0223355945199728 -0.19252009689807892 0.04074711725115776
0.1859607994556427 0.1081048846244812 -0.07772254943847656 -0.1472490131855011 0.00602920725941658 -0.059436142444610596
0.16612032055854797 -0.05258147045969963 0.12100115418434143 -0.020559322088956833 0.07908977568149567 -0.2002316415309906
-0.1439346969127655 -0.04645320028066635 0.05270024389028549 0.1618981659412384 -0.08030623197555542 -0.00663204537704587
-0.01647285185754299 0.008737428113818169 0.016570501029491425 -0.028483524918556213 0.00551002798601985 -0.06928415596485138
-0.1794009804725647 -0.20201484858989716 -0.13136519491672516 0.1314484179019928 -0.15123559534549713 0.13334894180297852
0.14117249846458435 -0.15450036525726318 -0.16514797508716583 0.0011474216589704156 -0.13293761014938354 0.10008610039949417
-0.1986028403043747 0.09776251763105392 0.1925739198923111 -0.1340584009885788 0.04542800784111023 0.04529714211821556
-0.04803526774048805 -0.18170811235904694 0.11055319756269455 0.1746360957622528 0.0960279256105423 0.12869423627853394
-0.04400800168514252 0.12325922399759293 -0.10641779750585556 -0.045575857162475586 -0.17082059383392334 0.1139434427022934
0.13636009395122528 -0.09684083610773087 0.07333628833293915 -0.0004191931220702827 -0.19504152238368988 -0.03301103785634041
-0.15470002591609955 -0.008910998702049255 0.18701553344726562 0.13726605474948883 -0.1606455296278 0.10941609740257263
0.08669301867485046 -0.11019408702850342 -0.1838383674621582 0.0809980034828186 -0.07356611639261246 0.1949780136346817
0.07164432853460312 -0.1530788093805313 -0.19581931829452515 0.11893818527460098 0.05776185169816017 0.14008331298828125
tensor w_uv 2 32 24
0.14223290979862213 0.12185297161340714 0.16265666484832764 0.15145571529865265 0.007405923679471016 0.1921207755804062
-0.18172986805438995 0.09248426556587219 -0.12568004429340363 -0.09480327367782593 -0.1951414942741394 -0.018380403518676758
0.131565660238266 0.12559738755226135 -0.2034079134464264 -0.14433979988098145 0.0991973876953125 -0.15697883069515228
-0.10960981249809265 -0.11478161066770554 -0.13660766184329987 0.16081766784191132 0.08019869774580002 0.11811529844999313
0.15112203359603882 0.17079952359199524 -0.03669712692499161 -0.17537802457809448 -0.13126400113105774 -0.02002476342022419
-0.10613613575696945 0.01780216582119465 -0.12759913504123688 0.13493801653385162 0.09071429818868637 0.20017477869987488
0.060186613351106644 -0.10941202938556671 -0.05168592557311058 0.2010345757007599 -0.09030773490667343 0.0629972517490387
0.1332181692123413 -0.14517976343631744 -0.032705798745155334 -0.10942094027996063 0.1681443750858307 0.13068179786205292
0.12624801695346832 0.016704311594367027 -0.11889061331748962 -0.16414986550807953 0.07787548005580902 -0.06606631726026535
0.06594453006982803 -0.03471134230494499 0.007572729606181383 0.160343199968338 -0.17749793827533722 0.18142840266227722
-0.13103534281253815 0.17808300256729126 0.15798495709896088 0.1979030966758728 -0.028872372582554817 0.15517094731330872
0.05649373680353165 -0.015443836338818073 -0.15650664269924164 0.014071037992835045 -0.19836008548736572 -0.05550665035843849
0.0147897033020854 0.16578629612922668 -0.11105228215456009 0.007126818411052227 -0.1726306527853012 0.05887674167752266
-0.019583377987146378 0.11665664613246918 -0.17467454075813293 0.12217438966035843 0.1948467195034027 0.14467166364192963
-0.03476465493440628 0.1509537696838379 -0.18646983802318573 0.011182554997503757 0.07408130913972855 -0.09288085252046585
-0.027550043538212776 0.19226734340190887 -0.05441456288099289 0.15781113505363464 0.14769572019577026 0.08044161647558212
-0.16246134042739868 0.18651773035526276 -0.060018640011548996 -0.16730552911758423 0.148777574300766 0.08314961940050125
-0.037229251116514206 -0.014345861040055752 -0.07742176204919815 -0.17767131328582764 -0.09564504027366638 -0.03952891007065773
-0.15153324604034424 0.04218912124633789 0.06813748180866241 -0.11308960616588593 0.1262177675962448 -0.05064075440168381
-0.19602367281913757 0.12122920900583267 -0.12074416875839233 0.03924301639199257 -0.06631254404783249 -0.17854349315166473
-0.12235233932733536 -0.11088379472494125 0.028253402560949326 0.15080863237380981 0.08418194204568863 0.17533229291439056
0.007900404743850231 0.11608892679214478 -0.0013816801365464926 -0.036735061556100845 0.1166633889079094 0.17744924128055573
-0.042717304080724716 -0.048949260264635086 -0.1364510953426361 0.09956078976392746 -0.16091202199459076 -0.1940392106771469
0.11076319962739944 0.17577950656414032 0.0639009028673172 -0.1001417264342308 0.1839459240436554 -0.1839427798986435
0.12115856260061264 -0.15965184569358826 0.10512556880712509 -0.03392113745212555 0.0735735148191452 0.021704504266381264
0.021225109696388245 -0.13965831696987152 0.0396389476954937 -0.0020499995443969965 -0.1079777404665947 0.1912800818681717
-0.042961906641721725 0.14889417588710785 0.18444478511810303 -0.026124391704797745 0.14804045855998993 0.1766739934682846
0.1384897381067276 0.19693759083747864 -0.0169734638184309 -0.10778877139091492 0.15413828194141388 -0.011488767340779305
-0.1927233785390854 -0.0396115705370903 0.1395423710346222 0.006456382106989622 -0.005053142085671425 0.036255449056625366
-0.05301210284233093 0.13702553510665894 -0.11769571155309677 -0.13904210925102234 0.18035195767879486 -0.11480803042650223
-0.1807653307914734 0.004565815441310406 0.02426745370030403 -0.1075691357254982 -0.0542011559009552 0.02120603248476982
-0.19008445739746094 -0.07386162132024765 0.16041842103004456 -0.05025457963347435 -0.06547250598669052 -0.026717787608504295
0.18261611461639404 -0.14956332743167877 -0.16280585527420044 -0.008574028499424458 0.05484195426106453 0.19527508318424225
0.11531200259923935 -0.17772138118743896 -0.014744613319635391 -0.1316666156053543 0.039317112416028976 0.04597865045070648
-0.1985696256160736 0.11101222783327103 0.06475488841533661 -0.17542850971221924 -0.1194731816649437 -0.10619091242551804
0.0027203874196857214 -0.08322286605834961 0.089360311627388 -0.08273349702358246 0.04414777457714081 -0.008075776509940624
0.03132670000195503 0.121644988656044 -0.18770024180412292 0.10502268373966217 -0.050267331302165985 0.07152339071035385
-0.18237993121147156 -0.004340925253927708 0.16816693544387817 0.17552360892295837 0.1260494738817215 0.15190660953521729
0.015920773148536682 -0.0365404412150383 0.03186403214931488 0.11382221430540085 0.13351665437221527 0.10343176126480103
0.06172319874167442 -0.05503737926483154 -0.10678228735923767 -0.0041405390948057175 0.11824309825897217 0.19409726560115814
-0.1753600835800171 -0.04359674081206322 0.1864422857761383 5.548037006519735e-05 0.020070582628250122 -0.16832289099693298
-0.17098842561244965 0.11157209426164627 0.12927891314029694 0.12163875997066498 0.19580577313899994 -0.10908158123493195
0.16534706950187683 -0.0844307541847229 -0.01340736635029316 0.17776139080524445 0.022485001012682915 -0.08896949142217636
-0.06721427291631699 0.11416091024875641 -0.12228640168905258 0.1957804411649704 -0.054516203701496124 0.013874861411750317
-0.09746716171503067 0.1527717411518097 0.17979279160499573 0.1012568324804306 -0.1874585747718811 0.1700175255537033
-0.03471212089061737 0.06687044352293015 0.03542577475309372 -0.13835662603378296 -0.042374446988105774 0.15138864517211914
-0.17360785603523254 0.015366772189736366 -0.046123750507831573 0.03556498512625694 0.09541577100753784 0.08364757895469666
-0.003628805512562394 0.1294689178466797 -0.08226045221090317 0.014039137400686741 -0.09226996451616287 -0.18806986510753632
-0.04272647947072983 -0.007561049424111843 -0.16494058072566986 -0.18012385070323944 0.0618034265935421 0.13088200986385345
-0.19619634747505188 0.19744563102722168 -0.14380787312984467 0.09044405072927475 0.19709734618663788 -0.15983079373836517
-0.1108505055308342 -0.15523552894592285 -0.17102932929992676 -0.010579059831798077 0.11808840930461884 0.17363202571868896
-0.09607092291116714 -0.07050732523202896 0.19781668484210968 -0.07661588490009308 0.12690187990665436 -0.16114912927150726
0.13101047277450562 -0.09184689819812775 -0.16821986436843872 -0.18461839854717255 -0.18534933030605316 -0.04132688790559769
-0.2040683627128601 -0.12177295982837677 0.1531132608652115 -0.10128863900899887 -0.11615122109651566 -0.040385402739048004
0.14193886518478394 -0.19515980780124664 0.10971593111753464 0.16056731343269348 -0.011235066689550877 -0.12449069321155548
0.15407533943653107 0.1487112045288086 0.19575698673725128 -0.1628113090991974 0.1200830265879631 0.022124160081148148
-0.0433657206594944 -0.17684927582740784 -0.17118069529533386 -0.2036382406949997 -0.08321274071931839 0.03135516867041588
-0.09209553897380829 -0.014235557056963444 0.07593148201704025 0.11272910237312317 0.06389997899532318 0.08403022587299347
0.14070765674114227 0.14346829056739807 -0.1825421154499054 0.11854054778814316 0.06708214432001114 0.1009446308016777
-0.11792680621147156 0.1176982969045639 0.0821976438164711 -0.1830289661884308 0.03385008126497269 -0.00603205431252718
-0.16752344369888306 0.13176725804805756 0.14896433055400848 -0.12759967148303986 0.17131948471069336 0.03301610052585602
-0.19010522961616516 -0.15584883093833923 0.13230225443840027 0.06057974323630333 0.1550534963607788 0.19988340139389038
-0.13318315148353577 0.12100784480571747 -0.11630924046039581 -0.19071832299232483 -0.014408762566745281 0.001761185354553163
0.08593858033418655 -0.19660235941410065 0.06428960710763931 -0.07575350254774094 -0.06894160807132721 0.12188438326120377
-0.15111976861953735 -0.00622314540669322 -0.14292901754379272 0.006402361672371626 -0.18113498389720917 -0.18189650774002075
-0.003231269074603915 -0.12152327597141266 0.018360838294029236 0.14658889174461365 0.15177252888679504 0.02168508619070053
0.007609132677316666 -0.15597940981388092 0.1311798244714737 -0.1896655261516571 0.02089875005185604 0.11961501836776733
-0.06459898501634598 -0.00512210326269269 0.04998282343149185 0.16379757225513458 0.08388247340917587 0.03639434278011322
0.15807591378688812 0.011422386392951012 -0.16530685126781464 -0.19629810750484467 -0.07399263232946396 -0.04119371250271797
0.17362399399280548 -0.14118152856826782 -0.08846661448478699 0.07107441872358322 0.16210532188415527 0.11021997779607773
0.18095757067203522 0.07424560934305191 0.15954282879829407 0.18021129071712494 0.01136077381670475 0.08289355784654617
0.007910503074526787 -0.0787569135427475 0.12222714722156525 0.12891700863838196 0.057884909212589264 0.17264004051685333
-0.013193693943321705 0.1284584254026413 -0.12430299073457718 0.1550876796245575 0.16428840160369873 0.13522553443908691
0.17036651074886322 0.13371211290359497 0.15125101804733276 0.1091032400727272 -0.05638900771737099 0.15889839828014374
-0.03856034204363823 0.09084343165159225 -0.11173412948846817 0.18418577313423157 0.19973696768283844 -0.062117207795381546
0.11942411959171295 -0.12663039565086365 -0.05368146672844887 -0.10472992807626724 0.01617272198200226 0.12693996727466583
-0.1771939992904663 -0.06365973502397537 0.0005915959482081234 0.011642774567008018 -0.1334444284439087 0.07029204815626144
-0.1385347545146942 0.15362794697284698 -0.0032937820069491863 -0.11999809741973877 -0.022484125569462776 -0.1282210648059845
0.01662508212029934 0.18303021788597107 0.1498565673828125 -0.09376153349876404 -0.19362223148345947 0.06656203418970108
-0.08079143613576889 0.003452436299994588 -0.16485801339149475 -0.17823854088783264 -0.10556276887655258 -0.10382915288209915
0.020505543798208237 -0.12738774716854095 0.030784085392951965 0.1157534122467041 0.1305786520242691 0.07704237848520279
-0.16013826429843903 0.09446613490581512 -0.05453058332204819 -0.09455044567584991 -0.16984823346138 -0.20029325783252716
-0.02237781137228012 0.18601475656032562 -0.18960697948932648 -0.028030652552843094 0.13662070035934448 -0.1971147656440735
-0.06745069473981857 -0.07506973296403885 0.006128731649369001 -0.018880164250731468 -0.013837461359798908 0.13986803591251373
0.1082041934132576 -0.18701580166816711 -0.10341613739728928 0.09097570925951004 -0.05929941311478615 0.16573390364646912
-0.025906411930918694 0.08001169562339783 0.03590467944741249 -0.041727516800165176 -0.14629122614860535 0.01846194453537464
-0.12762966752052307 0.1775614619255066 0.1854090392589569 0.12918470799922943 0.04112282767891884 0.08872393518686295
0.05719084292650223 0.06875760108232498 -0.05700072646141052 0.04037158191204071 -0.15178513526916504 0.19452880322933197
0.12865661084651947 -0.03765817731618881 -0.06894925236701965 -0.2002144604921341 -0.004197771195322275 -0.05414414405822754
-0.06056239455938339 -0.05859620124101639 0.1922156810760498 0.006344228982925415 -0.11627821624279022 0.1513069123029709
0.008466864004731178 -0.03633256256580353 -0.02481987327337265 0.005286768078804016 -0.022677844390273094 0.060092151165008545
0.12328672409057617 0.051564816385507584 -0.14865298569202423 0.01870267651975155 0.11618280410766602 -0.0839092880487442
-0.03845161944627762 -0.08112390339374542 0.004574015736579895 -0.049194905906915665 -0.17854388058185577 -0.13363325595855713
0.18202242255210876 0.011789943091571331 -0.0076276506297290325 -0.02741788700222969 0.16218264400959015 -0.13014215230941772
0.06145891547203064 0.13204753398895264 -0.034750957041978836 -0.018065478652715683 0.06621742993593216 0.13577404618263245
-0.15585128962993622 0.04305040463805199 0.152091845870018 -0.17373798787593842 0.15037725865840912 0.046013813465833664
-0.14195676147937775 -0.19069480895996094 0.11727520823478699 0.014271814376115799 0.059832364320755005 0.1106945052742958
-0.18151329457759857 -0.15108908712863922 -0.1901353895664215 -0.10382644832134247 -0.16786588728427887 0.016574760898947716
0.07011214643716812 0.020064499229192734 0.11882680654525757 0.07815242558717728 -0.04111314192414284 -0.11693307757377625
0.11458029597997665 -0.06955354660749435 0.09640999138355255 -0.13627026975154877 0.017919380217790604 -0.11515882611274719
0.05389854684472084 -0.1850348711013794 -0.10155421495437622 0.16876070201396942 -0.1753949075937271 0.006089797709137201
-0.050556730479002 0.007669698912650347 0.08340529352426529 0.04962585121393204 0.11409187316894531 -0.11552713811397552
0.16278855502605438 -0.07405994087457657 -0.20221658051013947 -0.07307837903499603 0.19628046452999115 -0.03938237577676773
-0.10335510969161987 0.09841176122426987 -0.12413498759269714 0.10254441201686859 0.005112126469612122 -0.16590523719787598
-0.06783239543437958 0.06109892576932907 0.15296302735805511 0.06761151552200317 -0.14656755328178406 -0.05731387436389923
0.033965278416872025 0.05720580741763115 -0.04652225971221924 0.07456997036933899 0.14485354721546173 0.0988367423415184
0.13536687195301056 -0.015696782618761063 0.18532304465770721 0.0003200341307092458 0.15232843160629272 0.06827317178249359
-0.1528346687555313 -0.16517911851406097 0.12491843104362488 -0.014412169344723225 -0.07742063701152802 0.1944267898797989
0.0627775490283966 -0.15192881226539612 -0.03584214299917221 0.11405496299266815 -0.006520598195493221 -0.2009982019662857
-0.16574236750602722 0.18964783847332 -0.1761743575334549 0.008462289348244667 0.06339675933122635 -0.089736208319664
-0.11317165195941925 -0.1824122816324234 -0.023380035534501076 0.1175558939576149 0.18455520272254944 0.19505354762077332
-0.027883289381861687 -0.06332643330097198 -0.01906646229326725 -0.04233390465378761 -0.16546931862831116 -0.04749365523457527
-0.06406299024820328 0.03289107605814934 -0.1232336014509201 0.048965781927108765 -0.005821204744279385 -0.1234053522348404
0.15182676911354065 0.18266800045967102 -0.10897118598222733 0.0894404873251915 0.07974809408187866 -0.1138821691274643
-0.11719592660665512 -0.012411469593644142 -0.07883556187152863 -0.03310392051935196 0.006300404202193022 0.1339983493089676
-0.15393999218940735 0.16101957857608795 0.20196621119976044 -0.18357150256633759 0.11786938458681107 0.024714728817343712
0.11908398568630219 -0.09381985664367676 0.06561709195375443 0.024468522518873215 -0.0677645280957222 0.19767102599143982
0.06776265054941177 -0.05505528673529625 -0.20019876956939697 0.14994333684444427 -0.0008979546255432069 -0.09057958424091339
0.1842879056930542 -0.1636173576116562 -0.014387690462172031 0.10728837549686432 -0.17171666026115417 -0.19724081456661224
-0.12429206073284149 0.08593996614217758 0.18178929388523102 -0.1005612313747406 -0.13261215388774872 -0.03391991928219795
-0.16731414198875427 0.15156112611293793 -0.01947837881743908 -0.20377133786678314 0.11417913436889648 0.0697469487786293
0.1370282620191574 0.1825684905052185 0.1583450436592102 -0.05659956485033035 -0.13495631515979767 -0.0029190459754318
-0.13786183297634125 -0.1729353964328766 -0.07494806498289108 0.12169726192951202 -0.12618409097194672 -0.14079740643501282
0.03058391809463501 0.04822363331913948 -0.06980720162391663 0.033871445804834366 0.09289194643497467 0.11236388236284256
-0.0396239347755909 -0.05068793520331383 -0.14424699544906616 -0.04729625955224037 0.01920204795897007 0.10815900564193726
0.1674010455608368 0.16732905805110931 -0.16243140399456024 -0.07078484445810318 -0.2002449333667755 0.07642041146755219
-0.030195288360118866 0.1088448166847229 0.0420907661318779 0.04615779221057892 -0.18483172357082367 -0.018122199922800064
-0.12306937575340271 0.09558147937059402 0.1500861793756485 -0.1684432476758957 0.14946822822093964 -0.041988883167505264
tensor wq 2 32 32
-0.09115897119045258 -0.17538675665855408 -0.14173565804958344 -0.027992818504571915 -0.17583680152893066 -0.09368222206830978
-0.14229035377502441 0.1707472950220108 0.07115336507558823 0.022823762148618698 -0.15640634298324585 0.03566529601812363
0.04802064225077629 0.1166253611445427 0.12226098775863647 -0.051846038550138474 0.16786357760429382 -0.15786616504192352
-0.1384212225675583 -0.05723651498556137 -0.040898438543081284 0.05312873423099518 -0.14062193036079407 -0.05452118441462517
0.05606544390320778 0.06081368774175644 0.0008537475951015949 0.024058748036623 0.021866479888558388 -0.14394652843475342
0.09723185002803802 0.08556535094976425 -0.1500297486782074 -0.011651433072984219 -0.062316980212926865 -0.02460547722876072
-0.10651686787605286 0.011750920675694942 0.1731555163860321 -0.1300940215587616 0.05188081040978432 0.0005735342856496572
-0.004723628982901573 0.05556149408221245 -0.17161881923675537 0.11376144737005234 0.17143800854682922 -0.1718604564666748
-0.06677767634391785 -0.13905353844165802 0.1461791694164276 -0.1375439167022705 0.1484651416540146 0.04454154893755913
0.08293136209249496 0.031370215117931366 0.05697375163435936 -0.13318844139575958 -0.11697638779878616 0.17650073766708374
-0.07509748637676239 0.04261971265077591 -0.05571490898728371 -0.1680436134338379 -0.09617961198091507 0.08782579004764557
0.1645447015762329 0.04961756616830826 0.1610090285539627 -0.08164362609386444 -0.08283905684947968 0.1495821624994278
0.15873880684375763 -0.12081258744001389 0.007710849866271019 0.1500115692615509 0.07306872308254242 -0.06634388118982315
-0.13635988533496857 -0.15986549854278564 -0.11480531841516495 -0.10574673861265182 0.025585180148482323 -0.14919708669185638
-0.047210052609443665 -0.16452646255493164 -0.12391126900911331 -0.00849775318056345 -0.09911804646253586 0.1525900959968567
0.10312242060899734 0.07177142798900604 -0.09038323909044266 0.11313395947217941 -0.060940273106098175 0.1567888855934143
-0.08155356347560883 -0.1340717375278473 -0.019145626574754715 0.16671979427337646 -0.05611328035593033 -0.1549588143825531
0.14036323130130768 0.03516479954123497 0.15759970247745514 -0.12646698951721191 -0.1445380449295044 -0.0625898614525795
-0.1312606930732727 -0.0287746861577034 -0.16135217249393463 0.07254321873188019 -0.0525200292468071 -0.15577198565006256
-0.11798004806041718 -0.1328672617673874 -0.02181735821068287 -0.15821819007396698 0.16999387741088867 0.11995869874954224
-0.11168915033340454 -0.15411439538002014 0.17664699256420135 -0.040730249136686325 0.08609499037265778 -0.1637432873249054
-0.1336086094379425 0.04284340888261795 -0.12868410348892212 -0.11076151579618454 -0.1408119648694992 -0.11584577709436417
0.15226326882839203 -0.152207612991333 -0.08583500236272812 0.06447144597768784 -0.037028007209300995 -0.15343022346496582
0.06696362793445587 0.1377931535243988 -0.014129351824522018 -0.16035610437393188 0.12420657277107239 0.06312792748212814
-0.056772518903017044 0.031014010310173035 0.13075964152812958 0.05423704907298088 -0.09869622439146042 0.09446980059146881
-0.17552874982357025 0.04022927209734917 0.1725788712501526 -0.013806527480483055 -0.12027475237846375 0.1318182349205017
-0.1494329571723938 0.048038218170404434 0.06358231604099274 0.16016840934753418 0.08786007761955261 0.11332886666059494
-0.10271052271127701 0.16351553797721863 0.15563218295574188 -0.1543245166540146 -0.13189704716205597 -0.1539008766412735
-0.05075359344482422 0.12429025024175644 -0.12900084257125854 -0.1055801510810852 -0.06626754999160767 0.03176923841238022
0.026752352714538574 -0.1616184264421463 -0.020107271149754524 -0.04551002010703087 -0.06038307398557663 0.0646497905254364
-0.1027328372001648 0.05693982169032097 -0.053516317158937454 -0.11167022585868835 0.14074650406837463 -0.10077804327011108
0.04456915333867073 0.07831082493066788 -0.1695868819952011 0.11316081136465073 0.0033462068531662226 -0.035926371812820435
0.09790442883968353 0.17373433709144592 0.17170971632003784 0.12000644952058792 -0.02687070146203041 0.023423321545124054
-0.11601061373949051 -0.11657167226076126 0.13213109970092773 0.07764235138893127 -0.06488589197397232 0.09577717632055283
-0.14710235595703125 -0.13299556076526642 0.09283968806266785 -0.041228532791137695 0.07428602874279022 -0.06949357688426971
-0.05405053123831749 -0.13349343836307526 0.03712637722492218 -0.1439543068408966 -0.025432229042053223 -0.08425993472337723
0.027863850817084312 0.028870590031147003 0.11303898692131042 -0.13549548387527466 -0.09377791732549667 -0.07203906029462814
0.12191662937402725 0.15707449615001678 -0.10037421435117722 0.1333700269460678 -0.04213182255625725 0.10958751291036606
0.03247513622045517 -0.16017469763755798 -0.17355559766292572 0.1599041223526001 0.1759701669216156 -0.15334638953208923
0.1686253845691681 0.042580749839544296 -0.0677490159869194 0.14704862236976624 -0.05524054542183876 -0.09666033834218979
-0.15833444893360138 -0.07622474431991577 -0.14182791113853455 -0.056448809802532196 0.048268213868141174 0.09938905388116837
-0.11770740151405334 0.04310351982712746 0.028392182663083076 -0.014917939901351929 -0.15492036938667297 0.03371231630444527
0.043744951486587524 0.13544799387454987 0.054722581058740616 0.11294008791446686 0.0539860874414444 0.12316573411226273
0.09026508033275604 0.10206453502178192 0.12083035707473755 -0.08569526672363281 0.08312097936868668 -0.12520426511764526
0.059406720101833344 0.07636062800884247 -0.15433143079280853 0.16042068600654602 -0.03052460215985775 0.16694393754005432
0.10463877767324448 0.007734115235507488 0.01503352727741003 0.13680681586265564 -0.11355115473270416 0.1630701720714569
0.01615762710571289 -0.012105734087526798 0.047786518931388855 0.1757461577653885 -0.10664620995521545 0.004345698282122612
-0.07076864689588547 -0.11801043897867203 0.09056447446346283 -0.07573089003562927 0.16162946820259094 -0.08600987493991852
-0.14250458776950836 0.16146492958068848 0.156297966837883 0.17207080125808716 -0.0066893999464809895 -0.0763523206114769
0.05785917118191719 0.01779336668550968 -0.1309169977903366 -0.0008033399935811758 0.029228396713733673 0.08722113072872162
0.1607411652803421 0.14908404648303986 0.07925347983837128 0.1088574081659317 0.14193162322044373 -0.09341660887002945
-0.005178246181458235 -0.12189318984746933 0.06787648797035217 -0.09240561723709106 0.002059041988104582 -0.11266874521970749
0.09954710304737091 0.11820570379495621 0.1761295348405838 -0.09654515236616135 0.05625137314200401 -0.15867596864700317
-0.11578017473220825 0.15604139864444733 0.09174399077892303 0.14573688805103302 0.07587771117687225 0.04085551202297211
0.17466524243354797 -0.06641559302806854 0.138831228017807 0.015611045062541962 -0.1536000519990921 -0.009420579299330711
-0.03567589446902275 0.15579402446746826 -0.15870334208011627 0.15587849915027618 -0.14590534567832947 0.07554031908512115
-0.09079659730195999 0.013217019848525524 0.11625996977090836 0.13506370782852173 -0.05557774007320404 -0.11273839324712753
-0.13432928919792175 -0.14306464791297913 -0.08230365067720413 0.0023052007891237736 0.10543428361415863 0.14988984167575836
-0.10165345668792725 0.059156302362680435 -0.004313751123845577 0.1402144879102707 -0.027395155280828476 0.02965637668967247
-0.03841358423233032 -0.05653677135705948 0.027842123061418533 -0.15808266401290894 -0.1089625433087349 -0.07935703545808792
0.024914581328630447 -0.04027293622493744 -0.002890915609896183 0.11262044310569763 0.1234094500541687 0.11318668723106384
0.17056483030319214 -0.11517266929149628 -0.08078031241893768 0.1706380695104599 0.06856054812669754 0.07675530761480331
-0.07252191007137299 -0.08623263984918594 -0.025303618982434273 -0.16365966200828552 0.06366211920976639 0.14856186509132385
0.07143723964691162 -0.13042248785495758 0.02005724236369133 -0.11692152917385101 -0.06804534792900085 0.0502508208155632
-0.15405796468257904 -0.13375543057918549 0.08516666293144226 0.035559337586164474 -0.10718649625778198 -0.14163334667682648
-0.10326434671878815 0.0015851007774472237 -0.04427220672369003 -0.023181503638625145 0.08912117779254913 -0.018256960436701775
0.10380477458238602 -0.17047837376594543 -0.10908877104520798 -0.08508803695440292 0.153696209192276 -0.12113583832979202
0.1344340294599533 0.006233097519725561 -0.15795236825942993 -0.003657018765807152 0.10595066100358963 0.10937848687171936
0.05865450203418732 -0.1388876736164093 0.030888771638274193 0.12189865112304688 0.009645706973969936 -0.009698474779725075
0.05968455225229263 0.12120632827281952 0.06585071980953217 -0.06608779728412628 -0.1200249046087265 -0.1539476215839386
0.12080873548984528 -0.10864846408367157 -0.06000130623579025 0.04012520983815193 -0.14896149933338165 0.005147331394255161
0.14248843491077423 -0.06891553103923798 -0.07348467409610748 -0.1356831192970276 0.031898483633995056 -0.07571521401405334
-0.1582537591457367 0.10831522941589355 0.10639021545648575 0.14249682426452637 0.15657112002372742 0.1256193369626999
0.06976253539323807 -0.020009510219097137 -0.06510168313980103 0.11817910522222519 0.08450733870267868 -0.015196699649095535
-0.0017256183782592416 0.11111578345298767 -0.14097243547439575 0.13821765780448914 -0.17143575847148895 -0.11531080305576324
0.07235947996377945 0.06006985902786255 -0.09698762744665146 -0.06758015602827072 -0.07810839265584946 -0.10591193288564682
-0.16195866465568542 0.15813861787319183 -0.07480551302433014 0.035298850387334824 0.1556650847196579 0.11796055734157562
0.07222026586532593 0.06670895963907242 0.13251352310180664 0.08385714143514633 -0.15440137684345245 0.1654731035232544
0.12723171710968018 0.02160017564892769 -0.16328220069408417 -0.06851309537887573 -0.07614018023014069 -0.1228308379650116
0.03902682289481163 -0.15772327780723572 0.1026056781411171 0.08476001024246216 -0.00847349688410759 0.15482178330421448
0.14753246307373047 0.1737629622220993 0.13460567593574524 0.08243107795715332 -0.03632518649101257 -0.17044265568256378
-0.1141909658908844 0.06696432083845139 0.07661645859479904 -0.023286154493689537 -0.15187287330627441 0.16351699829101562
-0.07820254564285278 -0.032504238188266754 0.01984640210866928 0.042027510702610016 -0.08789744228124619 -0.07043975591659546
0.06621577590703964 -0.1045423299074173 0.06501539051532745 -0.1477174162864685 0.10004013776779175 0.08556313812732697
0.11459004878997803 0.11189665645360947 -0.0005807625129818916 0.10220151394605637 0.12518878281116486 0.10808645188808441
0.006071506533771753 -0.10391615331172943 -0.03654102236032486 0.025870157405734062 -0.12718135118484497 0.17340600490570068
-0.0790683701634407 0.05848587304353714 0.12956057488918304 0.1602962166070938 0.03571125492453575 0.07948366552591324
0.12638114392757416 -0.15605871379375458 0.05413254722952843 0.12194842845201492 -0.08303631097078323 0.12194899469614029
-0.06938152760267258 0.13843654096126556 0.07767034322023392 0.09044545143842697 0.06738705933094025 0.016596775501966476
0.03244367241859436 0.02258765511214733 -0.0982525423169136 0.14499226212501526 0.04448304697871208 -0.028090009465813637
-0.07204186171293259 0.0778610110282898 0.03518690541386604 0.014185343869030476 0.0936712846159935 -0.03571856766939163
0.17361949384212494 -0.08973740041255951 -0.1489933431148529 0.1742476522922516 -0.05027777701616287 -0.1381373256444931
0.002572158817201853 -0.17579713463783264 0.06942616403102875 0.1161520779132843 0.1671326458454132 0.1762673705816269
-0.14128118753433228 -0.16456153988838196 0.02201312966644764 0.03687307611107826 0.028660446405410767 0.13739335536956787
-0.03435315936803818 -0.04937107115983963 0.1440514177083969 -0.16791056096553802 0.1518130749464035 0.04130875691771507
-0.014733610674738884 0.16989733278751373 0.16719698905944824 0.15611794590950012 -0.14890816807746887 -0.05443979799747467
0.16008108854293823 -0.059603143483400345 -0.11810638010501862 0.11744274199008942 0.15133433043956757 -0.10373783111572266
-0.15806235373020172 0.06157799810171127 0.057880666106939316 0.06045050546526909 -0.12608130276203156 -0.09827151149511337
-0.04964877665042877 0.03581516817212105 -0.024787867441773415 0.038985054939985275 0.161932572722435 -0.1394786238670349
0.055460382252931595 -0.09951258450746536 0.047233697026968 0.07932675629854202 -0.1321110874414444 0.06308241188526154
-0.07634811103343964 -0.004643550142645836 0.17178836464881897 -0.12211330235004425 -0.1704355776309967 -0.11105544865131378
-0.07207570225000381 0.1485089510679245 0.017689159139990807 0.01316041685640812 0.03558114916086197 -0.12234482169151306
-0.0057436879724264145 -0.08494113385677338 -0.054195113480091095 0.028282389044761658 -0.12157557159662247 -0.15772707760334015
-0.10863185673952103 0.11978382617235184 -0.04601580277085304 0.12268945574760437 -0.07457773387432098 0.0779191106557846
-0.12528401613235474 -0.17438949644565582 -0.16224616765975952 0.16407743096351624 0.15412747859954834 0.03698272258043289
0.1256994903087616 0.045454785227775574 0.15183505415916443 0.04769621789455414 -0.16329869627952576 -0.14510191977024078
0.07585737109184265 0.16224469244480133 -0.06254950165748596 0.06313464790582657 0.06441029161214828 -0.09588763862848282
-0.02304389514029026 0.021117551252245903 0.07403483986854553 -0.011781350709497929 0.04883433133363724 -0.026387909427285194
0.010303007438778877 0.0821380540728569 -0.13048897683620453 0.060533326119184494 -0.08069822937250137 -0.14837250113487244
0.11063874512910843 -0.09133674949407578 -0.0021138752344995737 0.018090922385454178 -0.17346768081188202 -0.15361879765987396
0.01367734745144844 0.09664832800626755 0.03986603021621704 0.17377786338329315 -0.13947559893131256 0.17425163090229034
0.05395917594432831 0.15979677438735962 0.061254121363162994 -0.06511915475130081 0.07335574924945831 0.12495514005422592
-0.012837192043662071 -0.17131833732128143 -0.00871371291577816 -0.12378377467393875 -0.024864722043275833 0.06498692184686661
0.06625176966190338 0.13536852598190308 0.16199910640716553 0.009522258304059505 0.05826513096690178 -0.06156156212091446
-0.16890668869018555 -0.07561848312616348 -0.11666696518659592 0.07276227325201035 -0.008245461620390415 0.05622149258852005
-0.03718896582722664 0.16233205795288086 0.09507045149803162 -0.06867784261703491 0.0012041776208207011 -0.07912114262580872
-0.0549716055393219 0.17272521555423737 0.0837748646736145 0.032027896493673325 -0.1744319200515747 0.11831361800432205
-0.05246875807642937 0.005805285647511482 0.13275298476219177 -0.1323675960302353 -0.10332316905260086 -0.07140504568815231
-0.17446967959403992 0.03691922500729561 -0.11292729526758194 0.12615083158016205 -0.05364016816020012 0.1017889603972435
0.07272786647081375 -0.05604637414216995 0.0014419069048017263 0.015593343414366245 0.03149132430553436 0.16875405609607697
0.07090741395950317 0.03866315633058548 0.08402106910943985 -0.03150211274623871 -0.08265382796525955 -0.1371702402830124
0.038400813937187195 0.17479492723941803 0.05707317590713501 0.17313866317272186 0.09116999804973602 0.16078783571720123
-0.013942008838057518 -0.03507283702492714 -0.03753592073917389 -0.1539442241191864 0.10178598761558533 0.13572730123996735
0.09083349257707596 -0.0974070355296135 -0.12193706631660461 0.09083208441734314 0.0021624492947012186 -0.1613701581954956
-0.09118879586458206 -0.0803258866071701 -0.10501238703727722 -0.17216968536376953 -0.08314921706914902 0.08620549738407135
-0.045922089368104935 0.00862920843064785 0.10158863663673401 -0.006280554458498955 0.13515982031822205 -0.032368335872888565
-0.039119038730859756 -0.17641767859458923 0.1670246720314026 -0.14654359221458435 -0.06952407211065292 -0.14592981338500977
-0.0872073695063591 -0.04932915419340134 -0.09559762477874756 -0.07867459207773209 0.07353752851486206 -0.15298062562942505
0.15190471708774567 -0.0872168317437172 0.06816820800304413 -0.03730807453393936 0.00015895684191491455 0.038453876972198486
-0.17179347574710846 -0.10319773852825165 -0.026546023786067963 0.12169065326452255 0.02697223424911499 -0.05709005519747734
0.14475306868553162 0.04076240956783295 0.013428892008960247 0.11163146793842316 0.08844908326864243 0.038369856774806976
0.16051864624023438 0.045579392462968826 0.1625688076019287 0.059092555195093155 0.12716682255268097 0.1034507006406784
-0.10243470966815948 0.02355174347758293 -0.009211467579007149 -0.08223564177751541 -0.16547194123268127 0.09599043428897858
-0.0059491959400475025 0.0277647003531456 0.12806549668312073 0.1418277472257614 0.013490553013980389 -0.02350742556154728
0.10313529521226883 -0.17135167121887207 -0.06503850966691971 -0.04379057511687279 0.09846603870391846 -0.15756642818450928
-0.03462955728173256 0.08918047696352005 0.05289720371365547 0.11486029624938965 0.010080177336931229 -0.12557223439216614
-0.01273045502603054 0.12710434198379517 0.01602153480052948 0.06113773211836815 0.02964196167886257 0.14476139843463898
0.15342870354652405 -0.023516381159424782 0.0017120892880484462 0.04129122570157051 0.03898366540670395 0.11823625862598419
-0.10166612267494202 0.11952384561300278 0.026690945029258728 -0.012506803497672081 -0.07803337275981903 0.025309940800070763
0.12719888985157013 0.1646929234266281 0.005844503175467253 0.10133872181177139 0.09157201647758484 -0.015240384265780449
0.06503958255052567 0.12125570327043533 -0.1711154580116272 -0.07554326951503754 0.09944051504135132 0.09314870834350586
-0.15174923837184906 0.12733237445354462 0.09245619177818298 -0.07850326597690582 0.08964402973651886 0.0780792087316513
-0.0032481311354786158 -0.03002358041703701 -0.11932354420423508 0.10053589195013046 0.030408993363380432 -0.09520060569047928
-0.05494939535856247 0.02054835855960846 -0.07101444900035858 0.005351279862225056 -0.027090707793831825 -0.14831465482711792
0.07931583374738693 0.058337073773145676 0.1187262162566185 -0.16729535162448883 -0.09210369735956192 -0.012631536461412907
0.07553644478321075 0.01730271428823471 0.1670648604631424 0.01708097942173481 -0.1164904311299324 -0.024957804009318352
-0.0024339593946933746 -0.15335629880428314 0.11633720993995667 -0.09165112674236298 0.07070795446634293 0.08358343690633774
0.1124461442232132 0.16115932166576385 -0.08031157404184341 -0.06924227625131607 -0.15160349011421204 -0.07430790364742279
0.1024947240948677 -0.08013344556093216 -0.09761551022529602 -0.08795490860939026 -0.06604697555303574 -0.008630895055830479
-0.10881384462118149 -0.15787985920906067 -0.1361892968416214 0.0337834395468235 -0.00710998335853219 0.056854747235774994
-0.14237110316753387 0.0021084172185510397 0.16460752487182617 -0.1725337654352188 -0.0422293096780777 -0.097420334815979
0.12278687208890915 0.002351794159039855 0.10842716693878174 0.16594520211219788 0.01118174847215414 -0.09104083478450775
0.04956669360399246 -0.013025968335568905 -0.061081886291503906 0.11532290279865265 0.06719699501991272 -0.1340339034795761
-0.13109323382377625 -0.11822096258401871 -0.05284346640110016 0.06175674498081207 0.16777218878269196 0.048696406185626984
-0.009515409357845783 0.1446298211812973 -0.14431291818618774 -0.06873318552970886 0.00447943015024066 0.025219282135367393
-0.010984143242239952 0.010955356992781162 0.12700097262859344 -0.07318951934576035 0.13070769608020782 0.11186297982931137
0.0797094851732254 0.0931389257311821 0.1351574957370758 0.10896972566843033 -0.15885871648788452 -0.00859903171658516
0.004706728272140026 0.12281123548746109 0.0546562634408474 -0.14453621208667755 -0.14020220935344696 -0.10795959085226059
0.11797071248292923 -0.003814331954345107 -0.02911009080708027 0.15529848635196686 0.09080270677804947 -0.04027586430311203
0.1686917394399643 0.16991524398326874 -0.057798903435468674 0.06779015064239502 -0.09914080798625946 -0.11843068152666092
-0.022957956418395042 0.021356144919991493 0.13978809118270874 -0.13867822289466858 -0.029065456241369247 0.13159342110157013
0.02034434676170349 0.17090120911598206 0.00017189592472277582 0.14415781199932098 0.09897369891405106 -0.1294751614332199
-0.009594181552529335 -0.14761176705360413 -0.06903301924467087 0.12521645426750183 0.1021137610077858 0.047968655824661255
0.048276517540216446 -0.12737171351909637 -0.03850051388144493 0.07787405699491501 0.08962638676166534 0.15702179074287415
-0.05380173772573471 0.06820963323116302 -0.07703394442796707 -0.025745317339897156 0.04246189445257187 -0.05044493079185486
0.043557606637477875 0.006189475301653147 0.03208472952246666 0.1324000209569931 0.14959488809108734 0.08531194180250168
0.086556077003479 0.17076899111270905 0.004810831043869257 0.14945630729198456 -0.0012290442828088999 0.14533938467502594
-0.10101305693387985 -0.09671249240636826 -0.019679691642522812 -0.13461816310882568 0.08854338526725769 0.00040104833897203207
-0.1414441466331482 0.06927883625030518 -0.15097102522850037 0.09921730309724808 -0.09247054159641266 0.0016529993154108524
-0.1624407172203064 0.0675632506608963 -0.04652571678161621 0.17551623284816742 0.05424031615257263 -0.05655967816710472
0.13636520504951477 -0.07961461693048477 0.028867745772004128 0.10382625460624695
tensor wq_rope 2 32 32
-0.023081384599208832 -0.010653922334313393 -0.0668942779302597 0.10695291310548782 0.052068278193473816 -0.15784591436386108
0.17413391172885895 -0.05672752857208252 0.08227425068616867 0.11471008509397507 -0.11391300708055496 0.006062634289264679
0.0301718320697546 -0.1554446518421173 -0.09552428871393204 -0.06152154132723808 -0.0024663913063704967 -0.15191452205181122
0.15181832015514374 -0.1616535782814026 0.09985239058732986 0.12419655919075012 -0.0394882895052433 0.05399955436587334
-0.10136080533266068 0.04488006979227066 -0.15102419257164001 -0.11945615708827972 -0.07526874542236328 -0.054395731538534164
0.10487562417984009 0.046018268913030624 -0.12059332430362701 0.025366459041833878 0.14592771232128143 -0.14737756550312042
-0.06708309054374695 -0.031601980328559875 0.15992304682731628 -0.04711208492517471 -0.15997543931007385 -0.11477189511060715
0.12349504977464676 -0.09551364928483963 -0.018651222810149193 0.08810214698314667 0.15048818290233612 -0.06315445899963379
0.11252034455537796 0.13658252358436584 -0.10590832680463791 0.11673787236213684 -0.12058598548173904 0.07991565018892288
-0.13824807107448578 -0.05466816946864128 -0.0994134172797203 -0.12724636495113373 -0.030943162739276886 0.14723682403564453
0.08764032274484634 -0.030171895399689674 -0.07511042058467865 -0.10452331602573395 -0.016582066193223 0.02708883211016655
0.042868971824645996 0.029032940044999123 0.17380793392658234 0.003749615279957652 -0.017023680731654167 0.14945784211158752
0.01659407839179039 -0.036456603556871414 -0.010210959240794182 -0.14831718802452087 -0.14404068887233734 0.05143335834145546
0.1517283171415329 -0.12555137276649475 -0.12231936305761337 0.008828121237456799 -0.12042523920536041 -0.14448854327201843
-0.052198976278305054 0.16088218986988068 -0.13297054171562195 -0.10316231101751328 0.05069207772612572 0.0927986353635788
0.08991825580596924 -0.16722963750362396 -0.11134777963161469 0.07783237099647522 -0.013550780713558197 -0.14716333150863647
-0.008762940764427185 -0.10672174394130707 0.16610445082187653 -0.030417464673519135 0.07034355401992798 -0.16463133692741394
0.13851796090602875 0.1756049245595932 0.10562217235565186 0.0640200525522232 -0.08797124028205872 0.02027866058051586
0.07341138273477554 -0.12336167693138123 -0.09046562016010284 0.06076481565833092 0.16632676124572754 -0.16046637296676636
0.07851243019104004 -0.14315392076969147 0.0032355503644794226 -0.04677962884306908 0.12705306708812714 0.14437849819660187
-0.025051601231098175 0.10774708539247513 -0.01064146775752306 -0.07321693748235703 -0.12358719855546951 0.09736564755439758
0.12930907309055328 0.024149827659130096 -0.06879785656929016 0.05691162496805191 0.04682089015841484 -0.009281220845878124
-0.12372824549674988 0.15043379366397858 0.08139656484127045 -0.029008368030190468 0.16890907287597656 -0.05928712710738182
-0.12165360897779465 -0.12291165441274643 0.05527390539646149 -0.1363861858844757 -0.10241502523422241 -0.08366336673498154
-0.08231233060359955 -0.06518924236297607 -0.12438367307186127 -0.1313818395137787 0.054130397737026215 0.003908445592969656
-0.07897533476352692 0.1275809109210968 -0.09888061136007309 0.10082980245351791 0.13320468366146088 0.0961359515786171
-0.04304472357034683 -0.04157938435673714 -0.047609880566596985 0.12560053169727325 -0.09347966313362122 0.07999357581138611
0.16951920092105865 0.08548615872859955 -0.03766798600554466 -0.09479757398366928 -0.15091858804225922 0.0946996659040451
-0.05178123712539673 0.14387856423854828 0.1059945598244667 -0.17591708898544312 0.13947322964668274 -0.16876599192619324
-0.12062324583530426 0.09120167046785355 -0.06248202919960022 0.0083644213154912 -0.10451143234968185 0.0032286380883306265
0.1073477491736412 -0.040189314633607864 -0.027781179174780846 0.009841183200478554 0.13737410306930542 0.1478472799062729
-0.008750402368605137 -0.008928598836064339 -0.010897384025156498 0.13126209378242493 -0.03922548145055771 0.1624467670917511
0.0878065899014473 0.024481691420078278 0.07184311747550964 -0.05597010627388954 -0.10891401022672653 -0.07418150454759598
0.10194827616214752 0.12148350477218628 -0.06830145418643951 0.14787378907203674 -0.0012781874975189567 -0.04256277531385422
0.07670357823371887 -0.047111935913562775 -0.027077684178948402 0.06738777458667755 0.005858749151229858 -0.06345363706350327
0.10294005274772644 -0.10142843425273895 0.13050058484077454 0.12735137343406677 -0.0254472978413105 0.06814475357532501
-0.11920981109142303 -0.059261079877614975 -0.1603030562400818 -0.16205158829689026 0.02778012491762638 -0.1278165578842163
0.029866816475987434 -0.027643969282507896 0.16927161812782288 0.12689974904060364 0.028851497918367386 0.13371317088603973
-0.11356578022241592 0.016574058681726456 -0.15685619413852692 0.00365250906907022 0.034682050347328186 -0.012794223614037037
-0.026386307552456856 0.07100053876638412 0.016190163791179657 -0.08538026362657547 -0.1338624358177185 -0.1259302943944931
0.11934318393468857 0.14187204837799072 0.13829819858074188 0.0880143791437149 -0.10841476172208786 0.10732616484165192
-0.10435513406991959 0.04151797294616699 -0.14715120196342468 -0.16705763339996338 0.15719182789325714 0.08220401406288147
0.06854105740785599 -0.09567894786596298 0.028143620118498802 -0.04101870208978653 -0.08629883080720901 -0.04336615651845932
-0.08336905390024185 -0.0810687243938446 0.009513428434729576 0.08809449523687363 0.12525959312915802 -0.14898903667926788
-0.1322406381368637 -0.028927721083164215 0.037282973527908325 -0.035673175007104874 0.14801041781902313 -0.0728890523314476
0.06350608915090561 0.12149851024150848 -0.12886632978916168 0.08343107253313065 -0.06579243391752243 -0.12639981508255005
-0.12865887582302094 -0.05661331117153168 -0.10739564895629883 -0.12082643806934357 -0.17261046171188354 0.03810618817806244
-0.16384047269821167 -0.05475214868783951 -0.03489455580711365 0.01195607054978609 0.0416623055934906 0.017851486802101135
-0.00632451381534338 0.11143932491540909 0.0938015803694725 0.07157769799232483 -0.15060605108737946 -0.13869155943393707
0.16320443153381348 -0.0926700010895729 -0.13780668377876282 -0.030095862224698067 0.08654283732175827 -0.1040404662489891
0.11192964017391205 0.15127786993980408 0.09305404126644135 -0.029251957312226295 0.07321636378765106 -0.05491393059492111
-0.028581609949469566 -0.058114875108003616 -0.10877593606710434 0.15709881484508514 0.12355955690145493 0.07652969658374786
-0.0848340392112732 -0.03512657433748245 -0.05108094587922096 -0.1406709849834442 -0.1430932730436325 0.1722530573606491
0.020807435736060143 -0.05745964124798775 0.025532960891723633 -0.1673927754163742 0.06607358902692795 0.042315710335969925
-0.09970281273126602 0.05043782666325569 -0.15231379866600037 -0.09196031093597412 0.131646528840065 -0.021431460976600647
-0.16884097456932068 -0.1085212230682373 -0.11639811098575592 -0.006810825318098068 0.021483955904841423 0.15955311059951782
0.06248710677027702 0.14330290257930756 -0.08644868433475494 0.13919252157211304 0.07695784419775009 0.1702684760093689
-0.0335705541074276 0.08318167179822922 0.11231230944395065 -0.10577872395515442 -0.16212454438209534 -0.04165729135274887
-0.07707078009843826 -0.13698191940784454 -0.011661885306239128 0.10419914871454239 -0.07256051898002625 -0.03801974281668663
0.10225769132375717 -0.0007452616118825972 0.14603273570537567 0.08586910367012024 0.047567207366228104 -0.06332620978355408
-0.1541052758693695 -0.0432991199195385 0.0023794001899659634 0.06837870925664902 -0.025609858334064484 0.14182963967323303
-0.10871383547782898 -0.04234510660171509 0.04083884134888649 -0.15927955508232117 0.01603221893310547 0.10257988423109055
-0.023164033889770508 -0.08054279536008835 0.172286719083786 -0.06993818283081055 0.08412478864192963 0.1323850452899933
0.020632799714803696 -0.16311539709568024 -0.14470069110393524 -0.0032969582825899124 -0.17349062860012054 0.052226413041353226
-0.03363073989748955 -0.152553528547287 -0.06489931792020798 0.12924490869045258 0.14652960002422333 -0.0721217691898346
0.0481288768351078 0.10587743669748306 -0.08000807464122772 0.07452445477247238 -0.08584124594926834 -0.10212381184101105
-0.023626215755939484 0.049620285630226135 -0.05021381750702858 -0.0339265912771225 0.08647633343935013 -0.10847218334674835
-0.006543234921991825 -0.12387599050998688 -0.1657140552997589 0.17641502618789673 -0.14583173394203186 0.02885771542787552
0.12165874987840652 -0.07525591552257538 0.07174554467201233 0.09317759424448013 0.058519233018159866 -0.034714482724666595
-0.141708642244339 0.09945201873779297 0.04396110028028488 0.1388361006975174 -0.060367561876773834 -0.07820206135511398
0.062050528824329376 -0.10451646894216537 0.13223238289356232 -0.1585540771484375 0.0034337458200752735 -0.13611547648906708
-0.06519243121147156 -0.014468738809227943 0.11389996111392975 -0.0029695825651288033 0.02858121134340763 -0.16846963763237
-0.1513010710477829 -0.05856369808316231 -0.023153329268097878 0.0848715528845787 -0.11978684365749359 0.1674867421388626
-8.85083807133924e-07 0.01889006979763508 0.002359380479902029 -0.1726352870464325 0.05008687078952789 -0.056240733712911606
-0.06807999312877655 -0.03795955702662468 -0.012421729974448681 -0.11895713955163956 -0.07236198335886002 -0.08573838323354721
-0.050605908036231995 -0.01609533280134201 0.05302868038415909 0.1583784818649292 -0.14118939638137817 -0.16601940989494324
-0.002741736825555563 -0.06872951984405518 0.0802549347281456 -0.06200852990150452 0.01696617156267166 -0.04502364248037338
0.10817133635282516 -0.06573347002267838 -0.12857599556446075 0.0040572453290224075 -0.05520360544323921 0.1420312523841858
-0.039731770753860474 -0.06322309374809265 -0.09903723001480103 0.04071035608649254 0.08831842243671417 -0.07428765296936035
0.09059543162584305 0.10189508646726608 0.09646916389465332 0.04674030467867851 0.1065526083111763 0.11258444935083389
-0.02099747583270073 -0.16832037270069122 0.12463133037090302 -0.12778040766716003 0.09194012731313705 0.057796500623226166
0.054874058812856674 -0.14351865649223328 0.08337011188268661 -0.09759978950023651 0.04205595701932907 -0.08181948959827423
-0.10110839456319809 -0.010263558477163315 0.16538240015506744 -0.08572603762149811 -0.037905145436525345 -0.16666406393051147
0.1321134716272354 -0.07751426845788956 -0.16205547749996185 -0.10708517581224442 0.08352217823266983 -0.15221749246120453
-0.0037358966656029224 0.04617718234658241 0.15556080639362335 0.0730767771601677 -0.12452045828104019 -0.011233673430979252
0.12528416514396667 0.06354828178882599 -0.07041016221046448 -0.09293565154075623 -0.10648352652788162 -0.07095097005367279
-0.0492800734937191 -0.13244301080703735 0.055343110114336014 0.11696024239063263 0.015604743734002113 0.06192811205983162
-0.09988564997911453 0.12587592005729675 0.051698166877031326 0.0942784920334816 -0.14640088379383087 0.16370803117752075
-0.03279370442032814 0.09930410236120224 -0.03976363316178322 0.09808505326509476 -0.11745770275592804 0.13081859052181244
0.014172088354825974 -0.12901607155799866 -0.04744097590446472 -0.128809854388237 -0.17438411712646484 -0.10751879960298538
-0.021478034555912018 -0.15746073424816132 -0.08698832988739014 0.115545853972435 0.018466241657733917 -0.014211853966116905
-0.02318306267261505 0.11719264090061188 0.05388828366994858 0.0013360551092773676 -0.0983983501791954 0.11474987119436264
-0.16849829256534576 -0.11119411140680313 0.08463742583990097 -0.014642383903265 0.020652461796998978 -0.1707320511341095
0.15128113329410553 -0.11489980667829514 0.08339348435401917 -0.017857281491160393 0.09358488023281097 -0.12232483923435211
0.031159207224845886 -0.079441137611866 -0.07077564299106598 0.06951972842216492 0.14015249907970428 0.05087587982416153
0.12177735567092896 -0.16863678395748138 -0.13361743092536926 0.16945016384124756 -0.11815167218446732 -0.007462331093847752
0.10322749614715576 0.009617278352379799 0.09597071260213852 -0.09474238753318787 -0.0851927325129509 0.015924111008644104
-0.027164844796061516 -0.13570214807987213 -0.08489477634429932 -0.14759549498558044 0.13931190967559814 0.10316848754882812
0.08121606707572937 -0.11651106178760529 0.08357254415750504 -0.04352528229355812 0.11172067373991013 -0.09999512135982513
-0.0030920403078198433 0.035070665180683136 -0.07005168497562408 0.1453588455915451 0.13064327836036682 -0.04912733659148216
0.07919103652238846 -0.149648055434227 0.12422749400138855 0.06313896924257278 -0.15959344804286957 0.09620477259159088
-0.12086759507656097 -0.12174610048532486 -0.06567499041557312 0.10304493457078934 -0.13225312530994415 0.13696688413619995
0.16449832916259766 -0.06946346163749695 -0.1502494513988495 0.09793546795845032 -0.04880693554878235 -0.15396878123283386
-0.11649589240550995 -0.1552429348230362 -0.0859256461262703 0.008181208744645119 -0.012654991820454597 -0.17415568232536316
0.07126842439174652 -0.14595194160938263 0.00853482075035572 -0.16531938314437866 -0.051439426839351654 -0.03955351188778877
-0.16381090879440308 -0.08672666549682617 0.08450713008642197 0.0382654182612896 -0.11955007910728455 0.014731946401298046
-0.14681938290596008 -0.054992131888866425 0.021732453256845474 -0.15967068076133728 -0.007686341647058725 -0.034959208220243454
-0.03531014546751976 -0.09004659205675125 -0.013697872869670391 -0.0669969841837883 0.04343570023775101 0.05971807986497879
-0.04341420531272888 -0.06232772767543793 0.048213571310043335 -0.10830441862344742 0.1567978858947754 0.13574403524398804
0.14660412073135376 -0.14532913267612457 -0.037708383053541183 0.10600549727678299 0.02987145259976387 0.11848267167806625
-0.03221597522497177 0.09174700826406479 -0.012903931550681591 0.09259991347789764 0.0898410826921463 0.005203154869377613
-0.14374728500843048 0.06272415816783905 -0.003318748204037547 0.05514407157897949 0.05938263237476349 -0.059054601937532425
0.00943790189921856 -0.10083163529634476 0.0010157811921089888 0.04650023952126503 0.14365306496620178 0.005900769494473934
-0.12015579640865326 0.05930282920598984 -0.006716079078614712 -0.13403581082820892 -0.15607121586799622 -0.048812899738550186
-0.11711359024047852 0.02986561506986618 -0.06605087220668793 -0.1538156121969223 0.1764954924583435 0.07547213137149811
-0.1489119976758957 0.15335650742053986 -0.10801512002944946 -0.08812554180622101 0.04549669846892357 -0.015255515463650227
0.16880165040493011 -0.12802532315254211 -0.12321342527866364 -0.02687358856201172 0.16667449474334717 -0.021188801154494286
-0.08935483545064926 0.07188247889280319 0.026182275265455246 4.406453081173822e-05 -0.1182624101638794 -0.028423644602298737
0.0967903807759285 0.12077134847640991 0.05078990012407303 -0.023579370230436325 0.057989701628685 0.01601502299308777
0.1659235656261444 -0.1476065218448639 -0.0323740690946579 -0.12821508944034576 0.05549034848809242 -0.12902675569057465
-0.13871541619300842 0.097543865442276 -0.15681740641593933 -0.011340473778545856 0.055738553404808044 0.09512406587600708
-0.05770164728164673 0.1601313054561615 0.0653686448931694 0.08235672861337662 0.16610895097255707 0.04312362149357796
0.13612593710422516 0.142372265458107 -0.16672486066818237 -0.05769610404968262 0.03821033239364624 -0.003926084376871586
-0.15872032940387726 0.057727716863155365 0.0976555347442627 -0.06295640766620636 -0.03602065518498421 0.17462562024593353
0.001996601466089487 -0.017121272161602974 0.09424800425767899 -0.11874035745859146 -0.02175070345401764 0.08076594024896622
-0.16946010291576385 -0.1390579342842102 -0.15650051832199097 -0.1299818903207779 0.03151220828294754 -0.14187292754650116
-0.1347634494304657 0.05056511238217354 0.12278074026107788 0.02608908899128437 -0.021287698298692703 -0.085438571870327
-0.16113361716270447 -0.06012797728180885 -0.03467871993780136 0.17303331196308136 0.1255635768175125 -0.11410677433013916
-0.06841590255498886 0.1225651204586029 -0.05471465736627579 0.13347801566123962 0.0716037005186081 -0.0012680089566856623
0.08789586275815964 0.09832356125116348 -0.017042899504303932 0.12668423354625702 0.05803465098142624 0.05473712459206581
-0.1737416833639145 0.007358291652053595 0.055950552225112915 -0.0605882853269577 0.17174671590328217 -0.016357023268938065
0.09470761567354202 0.08581743389368057 -0.03385588899254799 0.11322569102048874 0.13190264999866486 0.028640637174248695
-0.060668110847473145 -0.14381292462348938 0.13647837936878204 0.12792101502418518 0.07817768305540085 -0.12162286043167114
-0.003386583412066102 -0.15359444916248322 0.15316979587078094 -0.09718894213438034 0.02160784602165222 -0.1332261860370636
0.15133030712604523 -0.09293489158153534 0.045723408460617065 0.008691143244504929 -0.15403901040554047 0.1538408398628235
-0.10848929733037949 0.023031987249851227 -0.001278819632716477 -0.02222171425819397 -0.11763903498649597 0.14981454610824585
-0.013058125972747803 -0.07036976516246796 -0.17520304024219513 0.1259218007326126 -0.16247648000717163 0.09677480906248093
0.16373153030872345 -0.019785204902291298 0.05948420614004135 0.15174099802970886 0.07993579655885696 -0.06306967884302139
0.06187741085886955 0.10350528359413147 0.13920214772224426 -0.024337634444236755 0.08213309943675995 0.013624221086502075
0.12227567285299301 0.03428913652896881 -0.11963070929050446 -0.13536247611045837 0.09012433141469955 0.0006746867438778281
0.1281643509864807 -0.16004234552383423 -0.1708955019712448 -0.002065638080239296 -0.10653109103441238 0.06882143765687943
0.06280263513326645 0.11250053346157074 0.14321847259998322 -0.026595378294587135 0.14709104597568512 0.16060175001621246
0.12713825702667236 -0.09752631187438965 0.03994771093130112 -0.01967398077249527 -0.17285273969173431 0.06937622278928757
0.15339377522468567 0.17021560668945312 -0.028022069483995438 0.1331329196691513 -0.12483693659305573 0.1415175497531891
-0.11233039200305939 -0.11816003918647766 0.11562197655439377 0.17493483424186707 0.0827224999666214 -0.12189098447561264
0.09403492510318756 0.029569659382104874 0.13337714970111847 0.09330551326274872 -0.009007729589939117 -0.08977227658033371
-0.01338588073849678 -0.12521693110466003 -0.015889972448349 0.06490463018417358 -0.03754065930843353 0.14827822148799896
-0.00034992420114576817 0.09068912267684937 -0.055769868195056915 0.04632874205708504 -0.09197188168764114 0.029796283692121506
0.00017488835146650672 -0.12530529499053955 -0.05052783340215683 0.01340752374380827 -0.1661328822374344 -0.06227472797036171
0.09204258024692535 0.11440778523683548 -0.001621241681277752 -0.025558248162269592 -0.03840344771742821 0.03784243389964104
0.016502745449543 0.06604025512933731 0.0837240144610405 0.16937540471553802 0.09815699607133865 -0.005487372167408466
-0.1253504753112793 -0.07445701956748962 0.03128210827708244 0.1017753854393959 0.10552704334259033 -0.16342821717262268
-0.013069337233901024 0.1294211894273758 0.04368466138839722 0.0180509053170681 0.060098305344581604 0.04948292672634125
0.12073346227407455 -0.039469555020332336 -0.09829308837652206 0.050596173852682114 -0.1071796640753746 0.007423261180520058
0.047112442553043365 -0.10687614232301712 0.16690512001514435 -0.05726555362343788 0.15500611066818237 -0.031103530898690224
-0.03619111701846123 -0.14162667095661163 0.0288960263133049 0.08054506778717041 -0.001814990770071745 0.04208468273282051
-0.12835997343063354 0.09617029875516891 -0.11954603344202042 -0.009729557670652866 -0.026545770466327667 -0.10474243760108948
0.02310224622488022 -0.0011738318717107177 -0.13020002841949463 0.11516386270523071 0.058509983122348785 -0.10482713580131531
0.0041173044592142105 0.02541663497686386 0.1321372389793396 0.014617749489843845 -0.1598273515701294 0.0609557218849659
0.1055804044008255 -0.03388798236846924 -0.0029974838253110647 -0.030462751165032387 0.07877882570028305 0.09175004065036774
-0.16055262088775635 0.0939856767654419 -0.09158636629581451 0.06759334355592728 0.08928390592336655 0.07423516362905502
0.12706324458122253 -0.07105930894613266 0.12101312726736069 -0.0706879124045372 0.011638641357421875 -0.16326230764389038
0.10573183745145798 0.035396378487348557 -0.0910283625125885 -0.10780573636293411 0.08734365552663803 0.002502384828403592
-0.12964867055416107 0.12511911988258362 -0.02068312279880047 0.14254076778888702 0.036367692053318024 -0.07449371367692947
-0.15562281012535095 -0.07290510833263397 0.12883861362934113 0.045022737234830856 -0.12129989266395569 -0.14639078080654144
-0.023209931328892708 0.07055620104074478 -0.06387259811162949 -0.14487072825431824 0.0414019450545311 0.11568525433540344
0.14611895382404327 0.14732523262500763 0.13338974118232727 -0.15858094394207 0.14177513122558594 0.10603510588407516
-0.014636714942753315 0.045244112610816956 0.08456925302743912 -0.028288627043366432 -0.16983820497989655 0.0010759879369288683
0.06518589705228806 0.04629860818386078 -0.03693033382296562 -0.01816118136048317 0.018594514578580856 0.12699086964130402
0.025061780586838722 -0.09045059233903885 0.16891375184059143 -0.058379556983709335 -0.14442124962806702 -0.0688040554523468
0.05899612605571747 0.05378144234418869 -0.005131315439939499 0.005317309405654669
tensor wk_rope 2 8 32
0.0566217415034771 -0.1431097537279129 -0.009706545621156693 -0.15993793308734894 0.12091420590877533 0.10197153687477112
0.137297585606575 0.09804800152778625 0.16501477360725403 -0.1620447039604187 0.16471531987190247 0.12013360112905502
0.1530265212059021 -0.125103160738945 -0.10318593680858612 0.1420501321554184 0.059418246150016785 -0.13287454843521118
0.16652722656726837 0.038394682109355927 -0.11117427796125412 -0.05836103484034538 -0.05265679582953453 -0.0013668433530256152
-0.1561087667942047 -0.037655554711818695 0.16992343962192535 -0.09707196801900864 -0.12956120073795319 -0.16689011454582214
-0.17121082544326782 0.042523093521595 -0.013347379863262177 0.065283864736557 -0.16106869280338287 -0.07454236596822739
0.10862915962934494 0.14336659014225006 -0.13303998112678528 0.05372254177927971 0.08686631917953491 -0.1079045906662941
-0.03145119920372963 -0.15092810988426208 -0.16118364036083221 0.11372745037078857 0.046478405594825745 0.15577204525470734
-0.12994270026683807 -0.016399970278143883 -0.11443334817886353 0.025952722877264023 0.1497424989938736 0.15394264459609985
0.13539114594459534 -0.08646004647016525 -0.09596867114305496 0.11868757009506226 -0.06516722589731216 0.08850245922803879
0.08593227714300156 -0.03347648307681084 0.12780727446079254 0.07889356464147568 0.060157205909490585 0.012916808016598225
0.11622631549835205 0.04392793029546738 -0.17251639068126678 0.02165890671312809 -0.08985145390033722 -0.1544792801141739
0.1689770668745041 -0.1494414508342743 -0.08291197568178177 -0.013498370535671711 -0.12206892669200897 -0.11543913930654526
-0.012852787040174007 0.07212667912244797 0.0636165589094162 -0.13873006403446198 0.030517352744936943 0.0360766276717186
0.16921056807041168 -0.1441221982240677 0.08849775791168213 -0.07841254770755768 -0.07268893718719482 -0.15611670911312103
0.13532739877700806 -0.05129528418183327 -0.12291879206895828 -0.03200756013393402 0.14930807054042816 -0.10857215523719788
0.04519878700375557 -0.06439028680324554 0.10871081799268723 0.0766005665063858 0.1412414014339447 0.023637680336833
0.09934911876916885 -0.08110054582357407 0.061769746243953705 0.04932093620300293 -0.0845295712351799 0.15365836024284363
-0.09114449471235275 0.0018634175648912787 0.04125086963176727 0.018305430188775063 -0.17009232938289642 0.13387776911258698
0.0932668000459671 -0.01971713826060295 0.06376603245735168 -0.09220225363969803 0.13048280775547028 -0.031222891062498093
-0.09913960844278336 0.02678750455379486 0.10974301397800446 -0.06264589726924896 -0.005874596070498228 -0.09821992367506027
0.09513894468545914 -0.13152529299259186 -0.1040077805519104 -0.10201813280582428 -0.1671929806470871 0.04523222893476486
-0.12928572297096252 -0.020929429680109024 -0.16862989962100983 0.0683038979768753 0.12062431871891022 0.03658784553408623
-0.0904352068901062 0.14777953922748566 0.17482194304466248 -0.07504669576883316 0.008151895366609097 -0.052094366401433945
-0.1554410308599472 0.0724557414650917 -0.032305579632520676 0.16605563461780548 -0.1430450975894928 0.06489453464746475
-0.09129443764686584 -0.09980550408363342 0.06208740547299385 0.045909930020570755 0.08352365344762802 0.16297930479049683
0.0870717391371727 -0.12261869013309479 -0.0806826576590538 -0.08030357211828232 0.10800812393426895 -0.017172880470752716
0.09147589653730392 0.03725530579686165 -0.01034643966704607 -0.17549140751361847 -0.04453745856881142 0.07931318134069443
0.05301666632294655 -0.14408667385578156 -0.03660929948091507 -0.09219290316104889 -0.07833196222782135 0.14271898567676544
-0.0391370989382267 0.025836607441306114 -0.12527646124362946 0.17286822199821472 0.16705769300460815 -0.009332513436675072
0.10154275596141815 0.08417458832263947 0.01834753528237343 0.07923304289579391 0.14745602011680603 0.047397397458553314
-0.14028970897197723 0.165064737200737 -0.07472065091133118 0.16957005858421326 -0.15752758085727692 -0.045128483325242996
-0.06267581880092621 -0.11089029163122177 0.031924910843372345 -0.17442750930786133 0.082085981965065 0.016717610880732536
-0.02307407185435295 0.0339127853512764 -0.11774078011512756 0.07204209268093109 -0.014681622385978699 0.07384821027517319
0.11546839028596878 -0.16044002771377563 0.16743819415569305 -0.1370176374912262 0.12023016065359116 0.14710864424705505
-0.0632912665605545 0.09373648464679718 0.010993078351020813 0.14691556990146637 -0.1502874344587326 -0.012651556171476841
-0.01480427011847496 0.13463324308395386 -0.11639679968357086 0.17017397284507751 0.007415337488055229 -0.06992083787918091
-0.16596971452236176 -0.05191366374492645 -0.04902076721191406 0.08748193830251694 0.08240635693073273 -0.1283370703458786
0.09366881847381592 -0.10742940753698349 0.12061062455177307 0.1454467475414276 -0.013327423483133316 -0.0956120640039444
-0.17276661098003387 -0.010826471261680126 0.012114457786083221 -0.16824889183044434 0.09884287416934967 -0.10384249687194824
0.06330574303865433 0.07518143951892853 -0.16868174076080322 0.1647767722606659 0.1451171636581421 -0.04164759814739227
0.07210419327020645 0.065409354865551 0.1765775978565216 -0.012367213144898415 -0.0839853510260582 0.06403712183237076
-0.06528767943382263 0.12679199874401093 -0.032989516854286194 0.01905212365090847
tensor wo 2 32 32
0.09874262660741806 0.14325778186321259 0.013567660003900528 0.0216005127876997 0.11305754631757736 0.1631753146648407
0.1548038125038147 -0.023620400577783585 -0.16205593943595886 0.07337424904108047 0.14866182208061218 -0.145381361246109
-0.017167001962661743 -0.007231766823679209 0.11628369987010956 -0.014969000592827797 -0.14409779012203217 0.13579948246479034
-0.1165701299905777 0.10484692454338074 0.08123204112052917 0.04733742028474808 -0.1159772276878357 0.00517280912026763
0.11493167281150818 0.05422862246632576 0.1400044709444046 0.02806900069117546 -0.12900996208190918 0.1271115243434906
0.09702079743146896 0.1150069460272789 0.12510500848293304 0.15528233349323273 0.13098418712615967 -0.13850530982017517
0.17137277126312256 -0.06751324236392975 0.017092885449528694 0.11052064597606659 0.09483683854341507 0.15647049248218536
0.03779233992099762 -0.059834614396095276 -0.1453654021024704 -0.008244386874139309 0.10095822066068649 -0.024396071210503578
-0.09920050948858261 -0.11129105091094971 -0.12427139282226562 -0.15568140149116516 0.13337154686450958 -0.12321887910366058
0.0214537363499403 0.060228392481803894 0.12174879759550095 0.04723218083381653 0.154399111866951 0.17238479852676392
-0.09133458137512207 -0.021138371899724007 -0.045385729521512985 0.03241998702287674 -0.14014853537082672 -0.03152548521757126
-0.09364601969718933 0.11984972655773163 -0.007645543664693832 0.02779306471347809 0.048071134835481644 0.17274342477321625
-0.09006281942129135 -0.122160404920578 -0.11081910878419876 -0.10654935985803604 -0.02440161257982254 -0.12312961369752884
0.09104996174573898 0.17131361365318298 0.16428744792938232 -0.1521586924791336 0.16200090944766998 -0.07921961694955826
0.15762178599834442 0.12996356189250946 0.10210497677326202 -0.08270583301782608 0.1385275423526764 -0.06607671082019806
0.02804126776754856 -0.07445742189884186 0.03573932498693466 0.055718954652547836 -0.05868029594421387 0.09060438722372055
0.14407025277614594 0.017274707555770874 -0.062328677624464035 -0.11889771372079849 -0.012208908796310425 0.0906955674290657
-0.04542509466409683 0.15136846899986267 -0.05467773601412773 0.1688041239976883 -0.07200340181589127 0.08776621520519257
-0.1713336557149887 0.12766636908054352 -0.060222599655389786 0.13763168454170227 0.08491691946983337 0.08733484148979187
0.019905850291252136 0.14320766925811768 0.15875335037708282 0.08404884487390518 -0.17126411199569702 0.12245813012123108
-0.04917546734213829 -0.00547335809096694 -0.11479846388101578 0.119017094373703 0.02055029757320881 0.11101680248975754
-0.1701824963092804 0.09572381526231766 0.02951914630830288 0.0007448401884175837 0.12807339429855347 -0.1011519506573677
0.0902157723903656 0.05580541864037514 0.1476438045501709 -0.023468587547540665 -0.09590867161750793 -0.12320870161056519
0.07218983769416809 -0.11627034097909927 -0.05420329049229622 0.15461567044258118 -0.12553386390209198 0.16315236687660217
-0.015991926193237305 -0.1729758232831955 0.11990305781364441 -0.0723651647567749 0.07533298432826996 0.00971162412315607
0.17537160217761993 -0.1526109278202057 -0.11103621125221252 0.029051821678876877 -0.12979771196842194 0.03207273781299591
-0.0949348658323288 0.1623327136039734 -0.09728706628084183 0.009743360802531242 -0.03713192045688629 0.1531606912612915
-0.17584802210330963 -0.11262893676757812 -0.030467133969068527 0.01924627460539341 0.09019507467746735 0.12493003904819489
0.09501343220472336 0.14407050609588623 0.17392225563526154 -0.06213315576314926 0.13560321927070618 0.11336581408977509
-0.07484852522611618 0.10902580618858337 0.07290846109390259 0.021931365132331848 0.12319888174533844 -0.05248093977570534
-0.12706275284290314 -0.10356216132640839 -0.12925229966640472 -0.042582497000694275 0.06161479279398918 -0.11539804935455322
0.14893856644630432 0.052225593477487564 0.025885308161377907 0.01378787774592638 0.024245059117674828 -0.02414858527481556
0.12211619317531586 0.05914471298456192 0.0503537654876709 -0.15239830315113068 -0.1059124767780304 -0.14644543826580048
0.1344233900308609 -0.169716477394104 0.04708917811512947 -0.006602725014090538 0.10932382196187973 0.1680704802274704
0.13326866924762726 0.15518075227737427 -0.041011326014995575 0.025806725025177002 -0.0860617384314537 0.1267215758562088
0.10005878657102585 -0.06862416863441467 -0.08292712271213531 -0.06053410470485687 -0.10182790458202362 -0.0928669348359108
0.037270963191986084 -0.06688034534454346 0.11599699407815933 0.0635504499077797 -0.139531672000885 -0.14493818581104279
-0.1194203570485115 -0.10947161167860031 -0.06197506561875343 0.07948071509599686 -0.028963588178157806 0.1655312031507492
0.0071528260596096516 0.04528474435210228 0.010737435892224312 -0.011221345514059067 0.046576838940382004 -0.02731415070593357
-0.08117377758026123 -0.16417613625526428 -0.10738416016101837 0.12378977984189987 -0.16283361613750458 0.1734611839056015
-0.021403981372714043 0.03295537829399109 -0.07200022041797638 -0.1412174552679062 -0.07864498347043991 -0.11157737672328949
0.0443112775683403 0.03828394040465355 0.10239753872156143 0.13877516984939575 0.041173551231622696 -0.055893462151288986
0.09946059435606003 -0.007728277705609798 -0.17001880705356598 -0.018586507067084312 -0.03474881127476692 -0.00703508872538805
0.09964539110660553 -0.0376686193048954 0.13728567957878113 0.08850938826799393 -0.0515056811273098 -0.17585191130638123
0.10069895535707474 -0.16333289444446564 0.006455590482801199 0.12336517125368118 0.12139137089252472 -0.14267359673976898
-0.152656689286232 0.07120195776224136 0.04057051241397858 0.12593716382980347 -0.06853777170181274 0.08489536494016647
-0.09542614966630936 -0.1361895054578781 0.07231844961643219 0.05870406702160835 0.15796366333961487 -0.039125699549913406
-0.17510196566581726 -0.12489577382802963 -0.07500159740447998 0.057352714240550995 -0.09268180280923843 -0.14763861894607544
-0.16080151498317719 -0.14344900846481323 0.1490394026041031 -0.12308841198682785 0.08825208246707916 0.09172823280096054
-0.11144497245550156 -0.09826170653104782 0.06726719439029694 -0.1579444408416748 -0.1469525545835495 -0.041052863001823425
0.0656169131398201 0.14011767506599426 -0.005396082065999508 0.1591760218143463 0.009075206704437733 -0.030115460976958275
0.04721220210194588 -0.07842634618282318 -0.17282873392105103 0.04115526005625725 -0.16176742315292358 -0.02291298657655716
0.06639654189348221 -0.009651480242609978 0.10555964708328247 -0.12514644861221313 -0.06931542605161667 -0.06214061751961708
0.1745050847530365 0.027669575065374374 0.07047062367200851 0.11510927975177765 -0.08931342512369156 -0.03917897120118141
-0.14097410440444946 -0.030649293214082718 0.1522492915391922 0.00926145352423191 0.11088675260543823 0.0046413373202085495
-0.11813338100910187 0.15007807314395905 -0.007996837608516216 -0.1362697184085846 -0.044640570878982544 -0.1529698371887207
0.1333736628293991 0.12136992067098618 -0.08743997663259506 0.09289449453353882 0.05671960487961769 0.1615055352449417
-0.03175272047519684 0.027084849774837494 -0.0587155744433403 -0.12200026959180832 -0.00736912339925766 0.13831844925880432
-0.07659850269556046 -0.08798502385616302 0.05359091982245445 0.10740241408348083 0.12627515196800232 -0.08755122870206833
0.06873288750648499 0.17093563079833984 0.1748366355895996 -0.15205417573451996 0.0957801416516304 -0.07215076684951782
0.00992661528289318 0.014833435416221619 -0.1603265106678009 -0.041442446410655975 -0.13319940865039825 -0.1627708375453949
-0.019255440682172775 0.13498248159885406 -0.11716242134571075 0.06855587661266327 0.13125745952129364 -0.17113946378231049
0.16460339725017548 -0.08974635601043701 -0.11284062266349792 -0.12853005528450012 0.059605084359645844 0.007238741964101791
0.0919404998421669 -0.11532365530729294 -0.16930392384529114 -0.10569622367620468 0.08502791821956635 0.011706707999110222
0.1255280077457428 0.14005853235721588 -0.003583472454920411 0.13930894434452057 -0.06250566989183426 0.15703897178173065
0.16127729415893555 0.12696827948093414 -0.02556292712688446 0.08908092230558395 -0.014424063265323639 -0.0668405145406723
-0.1428377330303192 0.02479703538119793 0.04835790395736694 -0.1699957251548767 -0.12747955322265625 0.1406649351119995
0.06012760102748871 0.0161761287599802 -0.05860757455229759 0.11952949315309525 -0.0022227405570447445 -0.011328356340527534
-0.002839032793417573 -0.008728190325200558 0.06474398821592331 -0.03791039437055588 -0.1416991502046585 -0.06985093653202057
0.17165987193584442 0.14977210760116577 -0.0905301421880722 0.1727449595928192 0.16886740922927856 0.1581004112958908
-0.035132791846990585 0.07592577487230301 -0.06100745499134064 0.07656919211149216 -0.05120566114783287 -0.03551331162452698
0.08985494822263718 0.001922359922900796 -0.13232950866222382 0.13697649538516998 -0.06366199254989624 0.14806920289993286
0.1698608547449112 0.13819226622581482 0.13163673877716064 0.07521414756774902 -0.0336277037858963 -0.028581062331795692
0.03609449788928032 -0.007157525047659874 -0.09697753936052322 -0.13483980298042297 -0.13185995817184448 -0.08015727996826172
-0.15738357603549957 -0.1330997198820114 0.0676327496767044 0.10793255269527435 -0.09440461546182632 -0.02015148289501667
0.1135166734457016 -0.0401250422000885 0.012331998907029629 -0.05674567446112633 0.1324545443058014 -0.14534519612789154
-0.13543389737606049 0.09547801315784454 0.15270106494426727 -0.02693329006433487 -0.08356324583292007 -0.04427812993526459
-0.155076265335083 0.07636991888284683 -0.0950251892209053 0.11979394406080246 -0.09563473612070084 0.06391879171133041
-0.04369557648897171 0.083928681910038 -0.04602239653468132 -0.11868181079626083 -0.12926773726940155 -0.17079658806324005
0.14875178039073944 -0.17238569259643555 0.09190575033426285 0.16139905154705048 -0.024161122739315033 0.010769235901534557
-0.1409679502248764 0.03932172432541847 -0.029819084331393242 0.11094042658805847 -0.16132505238056183 0.11132819950580597
-0.0689060315489769 0.15030178427696228 0.04987596720457077 0.07993368804454803 -0.10071103274822235 -0.15599599480628967
0.059810571372509 0.12836989760398865 -0.16149276494979858 -0.06902279704809189 -0.07259465754032135 0.00596262002363801
-0.03016808070242405 -0.08720871806144714 0.16651006042957306 0.00278849876485765 -0.05366794019937515 0.1666470170021057
-0.11976557970046997 -0.02264912612736225 -0.08409054577350616 0.09692849963903427 -0.054119229316711426 0.04360567778348923
0.0785866305232048 0.05513302981853485 0.02162986807525158 0.11678050458431244 -0.12825222313404083 -0.11405674368143082
0.12464066594839096 -0.151280015707016 0.0999360978603363 0.10173722356557846 -0.06882904469966888 0.08353106677532196
0.11072204262018204 0.09650865197181702 0.021666577085852623 0.17534035444259644 -0.10446646064519882 -0.09097683429718018
-0.14057491719722748 0.039960142225027084 0.11519302427768707 -0.09265141189098358 -0.08764030039310455 -0.07155078649520874
0.07382530719041824 0.016890812665224075 0.07206974178552628 0.04279816523194313 0.14515075087547302 -0.011149674654006958
-0.1431473046541214 -0.06822188198566437 0.021411631256341934 -0.023030681535601616 0.09808506816625595 0.05347571149468422
-0.15941376984119415 0.002561011118814349 0.11752298474311829 -0.07870770245790482 -0.1448601633310318 0.025438109412789345
0.12510457634925842 -0.0718931034207344 0.058665208518505096 0.0050903065130114555 0.07332523167133331 0.08943381905555725
0.1711965948343277 0.09066729247570038 0.04272111877799034 0.05893764644861221 0.11411172896623611 0.0378851480782032
-0.030990956351161003 0.14469341933727264 -0.11026820540428162 -0.007200220134109259 0.063169464468956 0.0566004142165184
-0.029897456988692284 0.006418691016733646 -0.13630177080631256 -0.0461890883743763 0.1601317822933197 0.03003850020468235
-0.05101283639669418 0.0007341559394262731 0.056828975677490234 -0.08727777749300003 -0.06074056029319763 -0.1580497771501541
0.0709664598107338 -0.07590152323246002 0.08848174661397934 0.09977336972951889 0.17537298798561096 -0.003134187078103423
-0.012623465619981289 0.16801287233829498 -0.12273573130369186 -0.1449027806520462 -0.024985704571008682 0.13089704513549805
0.08018345385789871 -0.06892704218626022 0.005623991135507822 -0.15614119172096252 -0.07752164453268051 0.14579665660858154
-0.020199362188577652 -0.028007065877318382 -0.09618327766656876 -0.15214702486991882 0.17305560410022736 -0.017482196912169456
-0.17368797957897186 -0.03789275512099266 -0.15630918741226196 0.03820761293172836 0.10746365040540695 -0.04673021286725998
0.014250354841351509 0.027122486382722855 0.022762564942240715 0.040896035730838776 -0.16845780611038208 0.012093406170606613
-0.16144005954265594 0.009939891286194324 0.1298239678144455 0.1055724173784256 -0.008656183257699013 -0.14596933126449585
0.02335430681705475 -0.15057599544525146 -0.14939765632152557 -0.16478300094604492 0.0035089990124106407 -0.14664185047149658
-0.08973906934261322 -0.05080370604991913 0.16785745322704315 -0.012594131752848625 0.06450594216585159 -0.03574741631746292
0.1060967892408371 0.024605687707662582 -0.17227214574813843 0.04218338802456856 0.16777808964252472 0.14837715029716492
-0.09358637779951096 -0.039120178669691086 -0.13604150712490082 0.03190052881836891 0.12118896096944809 -0.14837448298931122
-0.09427151829004288 -0.011996151879429817 -0.12204964458942413 -0.03278253600001335 -0.07605400681495667 0.020792262628674507
0.1652594953775406 0.027095366269350052 0.055715687572956085 0.06650722026824951 -0.11065642535686493 -0.16159485280513763
0.0651446133852005 0.06910213828086853 -0.17379912734031677 -0.1762998402118683 0.1346958428621292 0.0857173353433609
-0.06745778024196625 -0.11171451956033707 -0.12703360617160797 0.06334171444177628 -0.07616784423589706 -0.0012179806362837553
-0.09997396916151047 0.04000812768936157 0.09193439036607742 -0.17339366674423218 -0.13739122450351715 -0.13389097154140472
0.04305844381451607 -0.08800731599330902 -0.018696067854762077 0.03570282831788063 0.15007348358631134 0.13283129036426544
0.06711956858634949 0.08349086344242096 0.14602379500865936 0.009883604012429714 0.039523206651210785 0.08765697479248047
-0.0001288218336412683 0.004479051101952791 -0.17307394742965698 -0.1667138636112213 0.05203866958618164 0.06805302202701569
0.1695556342601776 -0.03015611134469509 0.09048911184072495 -0.12083201855421066 -0.03758978471159935 0.16621370613574982
0.04182372987270355 0.13664916157722473 0.1557910442352295 -0.04335734620690346 0.06081535294651985 0.14323024451732635
0.1409091204404831 0.11726806312799454 -0.07300940155982971 0.07802633196115494 0.13103866577148438 -0.02208547480404377
0.09916186332702637 -0.010290153324604034 0.17009858787059784 -0.13816770911216736 -0.11139093339443207 0.057010143995285034
0.07590284943580627 0.027327699586749077 0.1670144945383072 -0.011521915905177593 0.1484854519367218 -0.1403963267803192
0.12508386373519897 -0.066595159471035 0.024030067026615143 -0.14119651913642883 0.054342545568943024 -0.10368894040584564
-0.0628216490149498 0.1631581038236618 -0.056598518043756485 -0.1021326407790184 -0.14466005563735962 0.16363084316253662
0.090151347219944 -0.0859777182340622 -0.039566196501255035 0.046956583857536316 0.08934482932090759 -0.07415008544921875
0.12547296285629272 -0.11141689866781235 -0.05904855579137802 -0.06429644674062729 -0.11266084015369415 0.08275090903043747
-0.062491320073604584 0.10811351239681244 -0.16447782516479492 0.06374474614858627 0.1482478231191635 -0.0061345999129116535
0.12415873259305954 0.11541564762592316 -0.09667648375034332 -0.12356597930192947 0.1061781495809555 -0.1460188329219818
0.1663646250963211 -0.035555291920900345 -0.03894699737429619 0.1470424085855484 -0.08301126956939697 -0.14951074123382568
0.014209873043000698 0.1219341829419136 -0.04986627399921417 -0.023473750799894333 0.07966224104166031 0.06636632233858109
-0.10318195074796677 0.043481554836034775 0.050817277282476425 -0.1341659277677536 -0.026014508679509163 -0.0712490975856781
0.07051844149827957 0.10236554592847824 -0.08235211670398712 -0.056769296526908875 -0.08895581215620041 -0.042875420302152634
0.04100203514099121 0.06780875474214554 0.002810583682730794 0.1472678929567337 0.09804125875234604 0.0203916784375906
-0.087973453104496 0.07661287486553192 -0.1682245284318924 -0.1384449154138565 -0.16382503509521484 0.14753393828868866
0.05038021504878998 -0.1478734016418457 0.10089565813541412 -0.032020289450883865 0.06494928151369095 -0.11134548485279083
0.13992416858673096 0.06424197554588318 0.08411552011966705 -0.12824515998363495 0.16825903952121735 -0.05088789388537407
0.05715315043926239 -0.08244206011295319 0.021419955417513847 0.04313712939620018 -0.05895378813147545 0.17536726593971252
0.0821271762251854 0.11294948309659958 0.11595965176820755 -0.0010575486812740564 -0.03130895271897316 0.0674760714173317
0.10211251676082611 0.16194917261600494 -0.025143776088953018 -0.12026436626911163 -0.12006549537181854 0.02039214037358761
-0.12440000474452972 0.05844073370099068 0.07988669723272324 -0.06730177253484726 -0.0251687690615654 -0.0015387603780254722
-0.1154293417930603 0.01235423143953085 0.1369369477033615 0.02542504295706749 0.04675505682826042 0.041100405156612396
-0.1058337464928627 0.08866243064403534 -0.11079753190279007 -0.033001046627759933 0.045299872756004333 -0.14360767602920532
-0.14449265599250793 -0.024126794189214706 0.1542951613664627 -0.035333093255758286 0.04717190936207771 -0.033186785876750946
0.027096334844827652 -0.0733412504196167 -0.10237423330545425 -0.052038732916116714 -0.14877930283546448 0.13588140904903412
0.020018404349684715 0.09528131783008575 0.10179807990789413 0.06121804192662239 -0.028396986424922943 0.06680924445390701
-0.06101742386817932 -0.03902241587638855 0.11028064042329788 0.10661450028419495 -0.10075410455465317 0.08998335152864456
0.16557666659355164 0.08708556741476059 0.118380106985569 0.017986293882131577 0.0028680297546088696 -0.09831034392118454
0.07738091796636581 -0.08809131383895874 -0.023716410622000694 0.09848730266094208 -0.09260401874780655 -0.14815352857112885
-0.08270768821239471 -0.06157079339027405 -0.06686652451753616 0.045469980686903 0.07498215138912201 -0.12802210450172424
-0.11895018815994263 -0.09661338478326797 0.01927434280514717 -0.17214210331439972 -0.12852048873901367 0.04498790204524994
0.15039697289466858 -0.07807981967926025 -0.10113728046417236 0.08185210824012756 0.04177793487906456 0.07778634876012802
-0.021578406915068626 -0.16863282024860382 0.0300112534314394 -0.16247287392616272 -0.0036338591016829014 -0.08180342614650726
0.16764427721500397 -0.011922648176550865 -0.002866470254957676 0.13639070093631744 -0.08102619647979736 -0.0708296075463295
0.08257871866226196 -0.12484771013259888 -0.1198180690407753 -0.03678657114505768 -0.002440934767946601 0.13222262263298035
-0.14161519706249237 -0.10325181484222412 0.14043447375297546 0.032626908272504807 -0.12727834284305573 0.10352028906345367
-0.038545504212379456 -0.02102735824882984 0.1465013474225998 -0.05594688653945923 0.11049725115299225 -0.12380606681108475
-0.0708429291844368 -0.09226467460393906 0.08214525878429413 -0.0854395180940628 0.09696169197559357 0.04931853339076042
0.16609899699687958 -0.07323851436376572 -0.11173512786626816 0.12878553569316864 0.11192508786916733 -0.017495831474661827
0.03250577673316002 0.039670173078775406 0.11480028182268143 0.06546808779239655 0.1389642208814621 -0.01272299513220787
-0.13998059928417206 0.027329174801707268 0.005589556880295277 0.011448032222688198 0.046044040471315384 -0.12374866753816605
-0.173661008477211 -0.08540698140859604 -0.13131676614284515 -0.022227972745895386 0.14613071084022522 -0.011242039501667023
-0.03364502638578415 -0.11484600603580475 -0.1665390580892563 -0.07129611074924469 -0.13103920221328735 -0.06914723664522171
0.05472945049405098 0.024000143632292747 -0.12196758389472961 -0.1318434476852417 -0.13119955360889435 -0.09865868836641312
-0.037650179117918015 -0.16555817425251007 -0.007453817408531904 -0.12888796627521515 -0.09285201132297516 0.1572037637233734
-0.16283954679965973 -0.02598416432738304 0.007859628647565842 -0.11672993004322052 -0.09823048114776611 0.044258300215005875
0.09692268073558807 -0.055977966636419296 0.09351681917905807 0.16421492397785187 0.03659054636955261 0.11198655515909195
0.11326916515827179 0.08169597387313843 -0.03450225293636322 -0.10888247936964035 0.010493596084415913 -0.14181476831436157
0.0890519917011261 0.12934450805187225 -0.12055427581071854 0.016053544357419014 0.1015746220946312 0.09388549625873566
0.07538071274757385 0.1668584793806076 0.15933725237846375 0.12015052884817123 -0.000668722961563617 -0.1288834810256958
-0.1563575714826584 0.032577089965343475 -1.0916033716057427e-05 -0.07936692237854004 -0.0778353214263916 -0.04896736517548561
0.09918209165334702 0.08627946674823761 0.06000872328877449 0.1627340316772461 -0.05347177013754845 -0.057352565228939056
-0.02918601781129837 -0.14516545832157135 -0.08034072071313858 -0.09847339242696762
tensor out_naive 3 2 12 32
-0.044297896325588226 -0.09963621944189072 0.13943642377853394 -0.08886095136404037 0.08931700885295868 0.20089441537857056
0.041347190737724304 0.08151402324438095 0.029824664816260338 0.24695205688476562 -0.13014665246009827 0.04132777079939842
0.13658228516578674 0.4432620704174042 0.17160099744796753 0.07363288849592209 -0.05773327127099037 -0.07651956379413605
-0.10316060483455658 -0.09589919447898865 -0.11178679019212723 0.1313508301973343 0.07965611666440964 0.3872153162956238
-0.05301670357584953 0.06049501523375511 -0.12487836182117462 0.26081451773643494 -0.0735037550330162 -0.08701472729444504
-0.1755364090204239 -0.09323316812515259 0.11632964015007019 -0.056733351200819016 0.019124675542116165 -0.07613586634397507
0.022403065115213394 0.15293197333812714 0.0037153479643166065 0.16378580033779144 0.057158034294843674 0.03567073121666908
-0.15228930115699768 -0.023724935948848724 0.11550819873809814 0.2678092420101166 0.12861952185630798 0.07505536824464798
-0.0050081596709787846 -0.07408794015645981 -0.02758592739701271 0.04922417923808098 0.05217890441417694 0.1480296105146408
0.09068886190652847 0.19465644657611847 -0.018795015290379524 -0.057144224643707275 -0.032040342688560486 0.0947047546505928
0.04619274660944939 -0.1854977011680603 -0.05174894630908966 -0.08442866057157516 -0.05142506584525108 -0.12598970532417297
0.0019032950513064861 -0.1636979728937149 0.06333327293395996 0.16763393580913544 0.05723101645708084 0.1373240202665329
0.14516957104206085 0.18882592022418976 -0.11337985098361969 0.010702424682676792 0.0346311591565609 0.24434542655944824
0.13875019550323486 0.006430318579077721 0.0909956619143486 -0.11177385598421097 -0.012249988503754139 0.10145167261362076
-0.03019779920578003 0.13994598388671875 0.04203105717897415 0.13546809554100037 -0.025231508538126945 0.0012899484718218446
0.01980547048151493 0.12441489845514297 0.04725697264075279 -0.007091198582202196 -0.01589317061007023 -0.017533697187900543
-0.017249256372451782 -0.1230817511677742 -0.054357562214136124 -0.1271146535873413 0.019032854586839676 0.07771757245063782
-0.02871542237699032 0.05143359303474426 0.07895011454820633 0.12932632863521576 -0.08497372269630432 -0.09502925723791122
0.05975532904267311 0.16222451627254486 0.10074039548635483 0.03008832223713398 0.03554899990558624 -0.07379832863807678
0.0351405069231987 0.0735681876540184 -0.06427919119596481 0.14567485451698303 -0.012837937101721764 0.032164424657821655
0.01830744929611683 -0.022131484001874924 0.028656654059886932 0.060336172580718994 0.030656596645712852 -0.024075863882899284
-0.009515360929071903 0.03425737842917442 -0.01547007542103529 -0.1335984617471695 -0.0797705426812172 -0.06181250885128975
-0.017744166776537895 -0.02967393957078457 0.0044577233493328094 -0.024399258196353912 0.142825648188591 0.11448770016431808
0.04301929846405983 -0.04621514305472374 0.06273765861988068 0.1840079128742218 0.1306265890598297 -0.03437536954879761
0.012472420930862427 -0.03535173088312149 -0.02541266195476055 -0.020409729331731796 -0.08134738355875015 0.06445866823196411
-0.0335850827395916 0.04749860242009163 0.04546685516834259 0.02768903225660324 -0.013189301826059818 0.041742339730262756
0.05888957157731056 0.03251552954316139 -0.04960992559790611 0.021871598437428474 -0.07892758399248123 -0.06060636788606644
-0.06738278269767761 -0.09226813167333603 -0.02489396557211876 0.0004394725547172129 0.06664898991584778 -0.024497343227267265
0.06879888474941254 0.08025317639112473 0.0339609831571579 0.05281469225883484 0.03551950678229332 0.10500189661979675
0.09766418486833572 -0.07017029076814651 0.061128877103328705 -0.06093057990074158 0.005673905368894339 0.027949919924139977
-0.08041363954544067 0.03902110829949379 -0.015411893837153912 0.008373560383915901 -0.05117519199848175 -0.008849903009831905
0.056500617414712906 0.012281465344130993 0.035166606307029724 0.04473111778497696 -0.04303664714097977 0.011789010837674141
-0.0959145724773407 -0.08261049538850784 -0.02471674047410488 -0.06823931634426117 -0.06734521687030792 -0.02592417411506176
0.02592300809919834 -0.0901862233877182 0.059602636843919754 0.04460351914167404 0.08476446568965912 0.06788861006498337
0.014630775898694992 0.017418159171938896 0.038082920014858246 -0.052923206239938736 0.022943954914808273 -0.041020847856998444
-0.07096283882856369 0.02734466642141342 -0.05613423138856888 -0.053522586822509766 0.03245215862989426 -0.021753087639808655
-0.02300986461341381 -0.067844919860363 0.09840568900108337 0.016898665577173233 0.027225013822317123 0.059691403061151505
0.003415359416976571 0.002929382724687457 -0.09712738543748856 -0.09523794054985046 -0.07632847875356674 -0.09746039658784866
-0.06958883255720139 -0.00934356078505516 0.034271489828825 -0.05951736122369766 0.0016169146401807666 0.009406776167452335
0.03279948607087135 -0.01796550117433071 0.06142819672822952 0.03625214472413063 0.011023100465536118 -0.021849311888217926
0.03831881284713745 -0.02057938650250435 0.013795741833746433 -0.00893644243478775 -0.05651352182030678 0.03817647695541382
0.006385249551385641 -0.08674097806215286 -0.017245566472411156 -0.03502977266907692 0.04293894022703171 -0.01760757900774479
-0.014845524914562702 0.049407459795475006 0.015053442679345608 0.040910638868808746 -0.049947842955589294 -0.05374987795948982
-0.046164534986019135 -0.058509062975645065 -0.04910208657383919 -0.01510487962514162 0.02133808843791485 -0.06252831220626831
0.013466735370457172 0.015993861481547356 0.03681099787354469 0.025463707745075226 0.03992917388677597 0.027668951079249382
0.003582058707252145 -0.014927417039871216 0.020388949662446976 -0.010522399097681046 -0.028644798323512077 -0.0017971679335460067
-0.046474020928144455 -0.024183092638850212 0.018314620479941368 -0.03032900020480156 0.003525475738570094 -0.03605252504348755
0.0699588805437088 0.005582481622695923 0.003985561430454254 0.020614411681890488 -0.047714997082948685 0.03339478746056557
-0.05845145136117935 -0.038925256580114365 -0.014942658133804798 -0.022802406921982765 -0.034139711409807205 -0.02762383595108986
-0.019073568284511566 -0.0916065126657486 -0.0046494933776557446 0.03137434646487236 0.04501879960298538 -0.01577056385576725
0.00908571295440197 -0.025283852592110634 -0.021187949925661087 0.005507718771696091 0.002683469792827964 0.0030358941294252872
-0.038979433476924896 0.002830969635397196 -0.07973160594701767 -0.021526066586375237 0.0011551505886018276 -0.04169536754488945
0.009068087674677372 -0.013943414203822613 0.05111504718661308 -0.0036148910876363516 -0.022181106731295586 0.05489208176732063
0.003926949575543404 0.04091186821460724 -0.07182685285806656 -0.04206020012497902 -0.027817942202091217 -0.03286624699831009
-0.0029175265226513147 0.016768205910921097 0.03625765070319176 -0.06095108762383461 0.02090383879840374 0.044453155249357224
0.03692057356238365 -0.025559455156326294 -0.0011504667345434427 -0.017808295786380768 0.0005785167450085282 -0.000928967259824276
0.04065367206931114 -0.02028352953493595 -0.02220069244503975 0.02071640081703663 -0.038702163845300674 0.015133915469050407
-0.004655510652810335 -0.012020529247820377 0.005378833971917629 -0.0067754327319562435 0.032244641333818436 0.008060448803007603
-0.005014984868466854 0.06294205784797668 0.04202455282211304 0.044600244611501694 0.00212698127143085 -0.009926196187734604
-0.01831686682999134 -0.041159480810165405 0.013834531418979168 0.020149540156126022 0.037259820848703384 -0.011589542962610722
-0.030431561172008514 0.03493089601397514 0.011399571783840656 -0.0685109794139862 0.04351916164159775 0.04181337356567383
-0.015317601151764393 0.07085844874382019 -0.008709118701517582 -0.013572373427450657 0.0194968581199646 0.04564252123236656
0.03095843270421028 0.05039749667048454 -0.0677667111158371 0.06589671224355698 0.01570996455848217 0.0043358528055250645
-0.05684276297688484 0.025981592014431953 0.06309366971254349 -0.020867759361863136 -0.008414091542363167 0.010565903037786484
-0.1718861311674118 0.360236257314682 0.3540649712085724 0.3337264060974121 0.07749475538730621 0.006579194683581591
0.1596919745206833 -0.037947073578834534 0.09058645367622375 -0.03405262902379036 0.22663521766662598 0.32621172070503235
-0.2588382661342621 -0.43723064661026 -0.4388202130794525 -0.1204410269856453 0.03623304143548012 0.04006181284785271
-0.27335962653160095 0.19803696870803833 0.1821494996547699 -0.3301389217376709 0.10193408280611038 0.17919853329658508
-0.1355428546667099 -0.005131818354129791 0.06348422169685364 -0.1126098483800888 -0.019436130300164223 0.26597243547439575
0.04113810136914253 0.02811502292752266 -0.048719365149736404 0.24759641289710999 0.03513656556606293 0.05925264209508896
0.08855626732110977 -0.04631469398736954 0.13832414150238037 0.15785734355449677 0.18453754484653473 -0.10549208521842957
0.07605180144309998 0.15966500341892242 -0.11661150306463242 -0.10287691652774811 -0.18528896570205688 -0.17284315824508667
0.07546273618936539 -0.034109748899936676 -0.04746733233332634 0.09648657590150833 0.23646678030490875 -0.06748426705598831
0.015569688752293587 -0.028258072212338448 -0.07084464281797409 0.05353160947561264 -0.04384568706154823 -0.09203208237886429
0.08588852733373642 0.09614212065935135 0.037567880004644394 0.017386510968208313 -0.03956115245819092 0.20705187320709229
0.012998981401324272 -0.005053370725363493 0.2571573257446289 -0.15580867230892181 0.2197054624557495 0.058563701808452606
0.15864351391792297 0.0272549819201231 0.035735443234443665 0.21342156827449799 -0.09292785078287125 -0.06537415832281113
-0.022164780646562576 -0.16203275322914124 0.06883198767900467 -0.026710037142038345 -0.0015689487336203456 -0.04787427932024002
0.2391650527715683 -0.04424939304590225 -0.07546094059944153 0.20905962586402893 0.03828299045562744 0.18177452683448792
-0.22738522291183472 0.016503630205988884 0.19236348569393158 0.095486581325531 0.0002888346207328141 0.03810064122080803
-0.0343000553548336 0.06525453180074692 -0.036244988441467285 -0.0025310558266937733 0.12619534134864807 -0.13930298388004303
0.04012510925531387 -0.00036321402876637876 0.06978264451026917 -0.0033028600737452507 -0.004932734649628401 0.07331283390522003
-0.056530579924583435 -0.04045376181602478 -0.1070764884352684 -0.033035166561603546 0.018186934292316437 0.06438209861516953
0.008296903222799301 -0.04799127206206322 0.17518314719200134 -0.06246663257479668 -0.04176287725567818 0.00445811590179801
0.15261538326740265 0.07734745740890503 -0.1116524264216423 -0.018043052405118942 0.16928265988826752 0.06306532770395279
-0.0180022232234478 0.02726156823337078 -0.10749246925115585 0.02856352925300598 0.0004298381390981376 -0.059401337057352066
0.09289196878671646 -0.1138463169336319 0.0330064631998539 -0.029165608808398247 0.05381959304213524 0.02362932823598385
0.009971534833312035 0.1613216996192932 -0.035178910940885544 -0.011661006137728691 -0.09155245870351791 -0.13085031509399414
0.044846776872873306 0.05791955813765526 -0.035892993211746216 -0.08297442644834518 0.05933450162410736 -0.10484664887189865
0.009222207590937614 -0.08167140185832977 0.05781758949160576 0.06949281692504883 -0.007167638745158911 -0.004539221990853548
0.08466564118862152 0.1291743367910385 -0.08644559234380722 0.03452879562973976 -0.028593886643648148 -0.027067873626947403
-0.03490527346730232 -0.06261824071407318 0.06340193003416061 -0.042519550770521164 -0.029187697917222977 0.016415167599916458
-0.015428682789206505 0.06609541922807693 -0.017915697768330574 0.06822614371776581 0.047701701521873474 0.08042457699775696
0.07224392890930176 -0.06538308411836624 0.03258106857538223 0.006179394666105509 0.023752890527248383 -0.048554711043834686
0.013109485618770123 0.021797439083456993 -0.019031861796975136 -0.04676607996225357 0.02231387235224247 0.05488339439034462
0.018556734547019005 0.021279264241456985 0.031361743807792664 0.05527715012431145 -0.028635401278734207 -0.04535868018865585
-0.043245766311883926 0.015331764705479145 0.01078212633728981 -0.047537945210933685 0.11499075591564178 -0.09909061342477798
0.015231025405228138 0.000147230428410694 -0.026883715763688087 0.07437746971845627 0.03310849890112877 0.10353227704763412
0.017014123499393463 0.0309507567435503 0.10010156035423279 -0.09779389947652817 0.011664885096251965 -0.040586914867162704
0.004715024493634701 -0.027332862839102745 0.029811464250087738 0.006129267625510693 -0.06708119809627533 0.033547841012477875
-0.02789595164358616 0.07216089218854904 -0.023874685168266296 0.018435746431350708 0.053717806935310364 0.0566197894513607
0.018362311646342278 -0.08936450630426407 -0.09009087085723877 -0.015067359432578087 0.0011375319445505738 -0.07267381250858307
0.03915797919034958 -0.0689873993396759 0.07949458807706833 0.013359498232603073 0.06126096099615097 0.07905589789152145
0.03781906142830849 0.10121623426675797 0.006450498942285776 0.059278614819049835 -0.028138885274529457 -0.07943594455718994
0.049046456813812256 -0.007685975171625614 0.022161077708005905 0.009946880862116814 0.07125809788703918 0.011693404987454414
-0.0694129541516304 -0.0010162409162148833 -0.009338089264929295 0.057320866733789444 -0.032328683882951736 -0.01267156470566988
0.08055886626243591 0.10525724291801453 -0.012773611582815647 0.013757037930190563 -0.07624772936105728 0.009240960702300072
0.05681946128606796 0.020796094089746475 0.08436764031648636 -0.12914858758449554 -0.0361388698220253 0.015703469514846802
0.0013848189264535904 0.061582326889038086 0.014607098884880543 0.0532650500535965 -0.02040308713912964 -0.025427978485822678
-0.03130260109901428 -0.057795535773038864 -0.019678646698594093 -0.015881070867180824 0.009606909938156605 0.03381098434329033
0.03614940866827965 -0.025258980691432953 -0.07232805341482162 0.00871084351092577 -0.0004872642457485199 0.014715834520757198
-0.0035839243791997433 -0.054802075028419495 0.05319948121905327 0.054242998361587524 0.00504488917067647 -0.008532779291272163
-0.12033365666866302 -0.024267343804240227 0.047561414539813995 -0.005821852013468742 0.022087227553129196 -0.19300761818885803
-0.07043501734733582 -0.05328087508678436 0.04482819512486458 0.0763830617070198 0.041029900312423706 0.09214567393064499
-0.0684877410531044 -0.09875774383544922 -0.10853388905525208 -0.054449889808893204 -0.05124303326010704 0.01613221876323223
-0.045556966215372086 0.025635583326220512 -0.011933057568967342 -0.11170187592506409 -0.03611311316490173 -0.07195920497179031
0.03526720777153969 -0.011247127316892147 0.03180612623691559 -0.02783062681555748 0.04568762704730034 0.11341774463653564
-0.0014119187835603952 0.043796662241220474 -0.09886422753334045 -0.005797004327178001 0.05209672078490257 0.021218234673142433
-0.00854568462818861 -0.16515913605690002 -0.06732328236103058 -0.06299326568841934 0.04115389287471771 0.06193859875202179
0.07375244051218033 0.15296690165996552 -0.042228687554597855 -0.12386993318796158 -0.05335535854101181 -0.10307542234659195
-0.024176402017474174 0.024918662384152412 -0.07301170378923416 -0.004565519280731678 -0.04958774521946907 -0.1168162152171135
0.028158511966466904 -0.10718169808387756 -0.02589431405067444 0.022616814821958542 0.07645168155431747 -0.040517404675483704
-0.04179421439766884 0.16804131865501404 0.037274070084095 0.01820061355829239 -0.06754785776138306 0.0025055480655282736
0.07225092500448227 0.07597218453884125 0.03599606454372406 -0.17846082150936127 -0.06923022121191025 -0.0637802705168724
-0.01571478880941868 0.04856336861848831 0.061997607350349426 0.08655236661434174 -0.050404515117406845 -0.10798043757677078
-0.03727269917726517 -0.05755602940917015 -0.06333303451538086 0.009273325093090534 -0.04253855347633362 0.010395846329629421
0.0052227177657186985 -0.09599103033542633 -0.049588728696107864 -0.014205978251993656 0.0035145296715199947 -0.015003787353634834
0.022566113620996475 -0.04583042114973068 0.023787971585989 0.07476361840963364 0.025156443938612938 -0.025193119421601295
tensor out_absorbed 3 2 12 32
-0.044297873973846436 -0.0996362715959549 0.13943645358085632 -0.08886101841926575 0.08931700885295868 0.20089440047740936
0.041347190737724304 0.08151403069496155 0.02982466295361519 0.2469521015882492 -0.13014669716358185 0.04132777079939842
0.13658232986927032 0.4432620108127594 0.17160101234912872 0.07363290339708328 -0.057733260095119476 -0.07651957869529724
-0.10316065698862076 -0.09589924663305283 -0.11178680509328842 0.13135084509849548 0.07965609431266785 0.38721534609794617
-0.05301665887236595 0.0604950450360775 -0.12487836927175522 0.2608146071434021 -0.0735037550330162 -0.08701471239328384
-0.17553645372390747 -0.09323318302631378 0.11632968485355377 -0.05673334375023842 0.019124705344438553 -0.07613586634397507
0.022403106093406677 0.1529320478439331 0.0037153337616473436 0.16378578543663025 0.05715804919600487 0.03567076101899147
-0.15228930115699768 -0.02372494339942932 0.11550826579332352 0.26780930161476135 0.12861956655979156 0.07505539804697037
-0.005008166190236807 -0.07408791035413742 -0.027585921809077263 0.04922417178750038 0.052178893238306046 0.1480296403169632
0.09068887680768967 0.19465647637844086 -0.018795061856508255 -0.05714418739080429 -0.032040324062108994 0.094704769551754
0.046192750334739685 -0.18549765646457672 -0.05174896493554115 -0.08442861586809158 -0.05142509564757347 -0.12598969042301178
0.0019033004064112902 -0.1636979728937149 0.06333328783512115 0.16763389110565186 0.05723099038004875 0.1373240053653717
0.14516960084438324 0.18882589042186737 -0.11337984353303909 0.010702436789870262 0.0346311591565609 0.24434533715248108
0.13875018060207367 0.006430329289287329 0.0909956619143486 -0.11177388578653336 -0.012249988503754139 0.10145167261362076
-0.030197806656360626 0.13994598388671875 0.042031072080135345 0.13546806573867798 -0.025231484323740005 0.001289972453378141
0.019805479794740677 0.12441490590572357 0.04725697264075279 -0.007091202773153782 -0.01589319296181202 -0.017533710226416588
-0.01724926382303238 -0.123081736266613 -0.054357580840587616 -0.1271146833896637 0.01903286762535572 0.0777176097035408
-0.028715407475829124 0.05143361911177635 0.07895012199878693 0.12932629883289337 -0.08497370779514313 -0.09502925723791122
0.05975533276796341 0.16222450137138367 0.10074039548635483 0.03008834831416607 0.03554900735616684 -0.07379832863807678
0.035140510648489 0.0735682025551796 -0.06427920609712601 0.14567483961582184 -0.012837945483624935 0.03216441348195076
0.01830742508172989 -0.02213148958981037 0.028656641021370888 0.06033618375658989 0.030656607821583748 -0.024075882509350777
-0.009515352547168732 0.03425736352801323 -0.015470067970454693 -0.1335984617471695 -0.0797705426812172 -0.06181250140070915
-0.017744168639183044 -0.029673943296074867 0.004457725211977959 -0.024399254471063614 0.1428256332874298 0.11448768526315689
0.043019331991672516 -0.04621514678001404 0.06273765861988068 0.18400798738002777 0.1306265890598297 -0.03437536954879761
0.012472432106733322 -0.0353517159819603 -0.025412648916244507 -0.020409738644957542 -0.08134741336107254 0.06445865333080292
-0.03358509764075279 0.04749857634305954 0.045466843992471695 0.027689019218087196 -0.01318929623812437 0.041742321103811264
0.05888957530260086 0.0325155034661293 -0.049609921872615814 0.02187158726155758 -0.07892759144306183 -0.06060637906193733
-0.06738277524709702 -0.09226811677217484 -0.02489393949508667 0.00043949761311523616 0.06664901226758957 -0.02449733577668667
0.06879888474941254 0.08025320619344711 0.03396099433302879 0.052814699709415436 0.035519521683454514 0.10500193387269974
0.09766418486833572 -0.0701703131198883 0.06112886592745781 -0.06093059852719307 0.005673903040587902 0.027949940413236618
-0.08041366934776306 0.039021123200654984 -0.015411888249218464 0.00837353989481926 -0.051175203174352646 -0.008849888108670712
0.056500643491744995 0.01228146068751812 0.03516659513115883 0.04473111033439636 -0.043036650866270065 0.011789011768996716
-0.09591459482908249 -0.08261048793792725 -0.024716751649975777 -0.06823932379484177 -0.06734517216682434 -0.02592417225241661
0.025923017412424088 -0.0901862308382988 0.05960261449217796 0.04460352659225464 0.08476448059082031 0.06788861006498337
0.014630794525146484 0.01741817221045494 0.03808292746543884 -0.05292319506406784 0.022943958640098572 -0.04102085530757904
-0.0709628313779831 0.027344660833477974 -0.05613425001502037 -0.05352257192134857 0.03245214372873306 -0.0217530969530344
-0.023009872063994408 -0.0678449422121048 0.09840572625398636 0.01689866930246353 0.027225034311413765 0.05969139561057091
0.003415348008275032 0.0029293803963810205 -0.09712734818458557 -0.09523792564868927 -0.07632847875356674 -0.09746041893959045
-0.06958881765604019 -0.009343556128442287 0.034271489828825 -0.05951736122369766 0.0016169141745194793 0.009406780824065208
0.03279947116971016 -0.017965497449040413 0.061428241431713104 0.036252159625291824 0.011023101396858692 -0.021849315613508224
0.038318805396556854 -0.020579393953084946 0.013795752078294754 -0.008936433121562004 -0.05651351809501648 0.03817648068070412
0.006385255139321089 -0.08674094825983047 -0.017245566472411156 -0.035029783844947815 0.042938947677612305 -0.01760758087038994
-0.01484550628811121 0.049407437443733215 0.015053458511829376 0.04091062396764755 -0.049947839230298996 -0.05374987795948982
-0.04616452753543854 -0.058509066700935364 -0.049102120101451874 -0.0151048693805933 0.02133808098733425 -0.06252831220626831
0.013466735370457172 0.015993870794773102 0.03681100904941559 0.025463713333010674 0.03992917388677597 0.02766895294189453
0.0035820507910102606 -0.014927410520613194 0.020388944074511528 -0.010522404685616493 -0.028644809499382973 -0.0017971681663766503
-0.046474020928144455 -0.024183092638850212 0.018314622342586517 -0.030328994616866112 0.0035254668910056353 -0.03605252131819725
0.0699588879942894 0.005582477897405624 0.00398555863648653 0.020614419132471085 -0.04771498590707779 0.03339478746056557
-0.05845143273472786 -0.03892526030540466 -0.01494266651570797 -0.022802405059337616 -0.03413970395922661 -0.02762383036315441
-0.01907358318567276 -0.09160647541284561 -0.004649484530091286 0.03137435019016266 0.04501878842711449 -0.015770556405186653
0.009085731580853462 -0.025283848866820335 -0.02118794247508049 0.005507730413228273 0.002683462342247367 0.003035894827917218
-0.03897944465279579 0.002830971498042345 -0.07973160594701767 -0.021526074036955833 0.001155153033323586 -0.04169536381959915
0.009068080224096775 -0.013943413272500038 0.05111505836248398 -0.0036148957442492247 -0.022181112319231033 0.05489208921790123
0.003926951438188553 0.04091186448931694 -0.07182687520980835 -0.04206020012497902 -0.02781793288886547 -0.03286623954772949
-0.0029175279196351767 0.01676820032298565 0.03625763952732086 -0.06095106899738312 0.020903833210468292 0.04445315897464752
0.036920566111803055 -0.025559423491358757 -0.0011504553258419037 -0.017808271571993828 0.0005785297253169119 -0.000928964524064213
0.04065367579460144 -0.020283540710806847 -0.0222006905823946 0.02071642130613327 -0.03870217129588127 0.015133906155824661
-0.0046555111184716225 -0.01202053390443325 0.005378823261708021 -0.006775441579520702 0.03224465623497963 0.008060445077717304
-0.005015000235289335 0.06294205784797668 0.04202455282211304 0.04460024833679199 0.0021269808057695627 -0.009926190599799156
-0.018316878005862236 -0.04115947335958481 0.013834524899721146 0.02014954946935177 0.037259817123413086 -0.011589529924094677
-0.030431555584073067 0.03493090718984604 0.011399561539292336 -0.06851096451282501 0.043519169092178345 0.041813358664512634
-0.015317603014409542 0.07085844874382019 -0.008709120564162731 -0.013572377152740955 0.01949685625731945 0.045642513781785965
0.03095840848982334 0.05039750784635544 -0.0677666962146759 0.0658966675400734 0.015709951519966125 0.0043358514085412025
-0.05684275925159454 0.025981595739722252 0.06309366226196289 -0.020867759361863136 -0.008414086885750294 0.01056590024381876
-0.171886146068573 0.36023619771003723 0.3540651202201843 0.3337264060974121 0.077494777739048 0.006579153705388308
0.15969198942184448 -0.03794711083173752 0.09058644622564316 -0.034052617847919464 0.22663526237010956 0.32621172070503235
-0.2588382065296173 -0.43723049759864807 -0.4388200640678406 -0.1204410120844841 0.036233048886060715 0.0400618240237236
-0.2733597457408905 0.19803698360919952 0.18214954435825348 -0.3301389515399933 0.10193407535552979 0.1791985034942627
-0.1355428397655487 -0.005131747107952833 0.06348423659801483 -0.11260986328125 -0.019436167553067207 0.26597240567207336
0.04113813862204552 0.028115039691329002 -0.04871935024857521 0.24759641289710999 0.03513653576374054 0.05925266817212105
0.08855630457401276 -0.04631469398736954 0.13832415640354156 0.15785735845565796 0.18453755974769592 -0.10549207031726837
0.07605180144309998 0.15966498851776123 -0.11661149561405182 -0.10287688672542572 -0.18528896570205688 -0.1728431135416031
0.07546275854110718 -0.03410971164703369 -0.04746730625629425 0.09648656845092773 0.23646679520606995 -0.0674843117594719
0.015569697134196758 -0.028258061036467552 -0.07084465026855469 0.05353165417909622 -0.04384566843509674 -0.0920320376753807
0.08588848263025284 0.09614215791225433 0.037567876279354095 0.01738652214407921 -0.039561156183481216 0.20705188810825348
0.0129989730194211 -0.005053346510976553 0.2571573853492737 -0.15580865740776062 0.2197055071592331 0.05856366828083992
0.15864348411560059 0.027254998683929443 0.03573547303676605 0.21342161297798157 -0.09292786568403244 -0.06537411361932755
-0.02216479182243347 -0.16203273832798004 0.06883200258016586 -0.02671005390584469 -0.0015689786523580551 -0.04787427559494972
0.2391650229692459 -0.04424940049648285 -0.07546097040176392 0.20905964076519012 0.038283005356788635 0.1817745715379715
-0.2273852676153183 0.016503650695085526 0.1923634111881256 0.0954865962266922 0.00028880746685899794 0.03810066357254982
-0.034300051629543304 0.06525451689958572 -0.03624500706791878 -0.0025310374330729246 0.12619540095329285 -0.13930301368236542
0.04012511670589447 -0.0003632069274317473 0.06978262960910797 -0.0033028465695679188 -0.004932724870741367 0.07331281155347824
-0.056530583649873734 -0.04045376181602478 -0.1070764884352684 -0.033035170286893845 0.01818695291876793 0.06438208371400833
0.00829693116247654 -0.04799129068851471 0.17518313229084015 -0.06246662884950638 -0.041762854903936386 0.004458131268620491
0.15261539816856384 0.07734747231006622 -0.1116524189710617 -0.01804308034479618 0.16928258538246155 0.063065305352211
-0.01800224371254444 0.027261577546596527 -0.10749247670173645 0.02856351248919964 0.0004298201238270849 -0.05940132960677147
0.09289196133613586 -0.11384628713130951 0.03300648555159569 -0.029165612533688545 0.05381958559155464 0.023629343137145042
0.009971538558602333 0.1613216996192932 -0.03517893701791763 -0.011660989373922348 -0.09155245870351791 -0.13085032999515533
0.0448467992246151 0.057919565588235855 -0.03589295223355293 -0.08297444134950638 0.059334494173526764 -0.10484664887189865
0.009222213178873062 -0.08167138695716858 0.057817600667476654 0.06949283182621002 -0.007167629431933165 -0.004539220128208399
0.08466559648513794 0.12917432188987732 -0.08644562214612961 0.03452882915735245 -0.028593892231583595 -0.02706787921488285
-0.034905269742012024 -0.06261826306581497 0.06340198218822479 -0.04251953214406967 -0.029187707230448723 0.016415158286690712
-0.015428673475980759 0.06609546393156052 -0.01791568286716938 0.0682261511683464 0.04770171269774437 0.08042462915182114
0.07224392890930176 -0.06538308411836624 0.032581083476543427 0.006179402582347393 0.023752905428409576 -0.04855472967028618
0.013109470717608929 0.021797435358166695 -0.01903189718723297 -0.04676606133580208 0.02231389470398426 0.05488341301679611
0.01855672337114811 0.02127927541732788 0.03136173635721207 0.05527716130018234 -0.02863539382815361 -0.04535869136452675
-0.04324577376246452 0.015331761911511421 0.010782115161418915 -0.04753793776035309 0.11499077081680298 -0.09909059852361679
0.01523101981729269 0.00014724364154972136 -0.026883717626333237 0.07437749952077866 0.033108487725257874 0.10353229194879532
0.017014138400554657 0.030950773507356644 0.10010156780481339 -0.09779391437768936 0.01166490651667118 -0.040586892515420914
0.004715022165328264 -0.027332864701747894 0.029811464250087738 0.0061292704194784164 -0.06708123534917831 0.03354785218834877
-0.02789594978094101 0.07216089963912964 -0.023874690756201744 0.01843574084341526 0.05371779948472977 0.056619830429553986
0.018362315371632576 -0.08936449140310287 -0.09009086340665817 -0.01506735384464264 0.0011375161120668054 -0.07267381250858307
0.03915799781680107 -0.06898738443851471 0.07949460297822952 0.013359499163925648 0.06126096472144127 0.07905591279268265
0.037819065153598785 0.10121620446443558 0.006450507324188948 0.05927862599492073 -0.02813887782394886 -0.07943592965602875
0.04904647544026375 -0.007685958873480558 0.022161085158586502 0.00994687806814909 0.0712580755352974 0.011693432927131653
-0.069412961602211 -0.0010162338148802519 -0.009338089264929295 0.05732087045907974 -0.03232869505882263 -0.012671559117734432
0.08055885881185532 0.10525723546743393 -0.012773612514138222 0.013757041655480862 -0.07624774426221848 0.009240955114364624
0.05681944265961647 0.02079608291387558 0.08436764031648636 -0.12914858758449554 -0.0361388623714447 0.015703467652201653
0.0013848223024979234 0.06158232316374779 0.014607095159590244 0.0532650351524353 -0.020403077825903893 -0.02542797289788723
-0.031302619725465775 -0.05779552459716797 -0.019678637385368347 -0.015881067141890526 0.009606904350221157 0.03381096199154854
0.03614941984415054 -0.025258976966142654 -0.07232806086540222 0.008710845373570919 -0.0004872526915278286 0.014715819619596004
-0.0035839243791997433 -0.0548020601272583 0.05319948494434357 0.054242994636297226 0.005044872872531414 -0.008532765321433544
-0.12033364921808243 -0.024267345666885376 0.0475613959133625 -0.0058218566700816154 0.022087210789322853 -0.19300763309001923
-0.07043500989675522 -0.05328088626265526 0.044828202575445175 0.076383076608181 0.041029926389455795 0.09214566648006439
-0.0684877410531044 -0.09875774383544922 -0.10853388905525208 -0.0544499047100544 -0.05124300718307495 0.01613221876323223
-0.04555695876479149 0.025635601952672005 -0.01193304918706417 -0.11170190572738647 -0.036113131791353226 -0.07195918262004852
0.035267218947410583 -0.011247134767472744 0.03180612251162529 -0.027830621227622032 0.04568762704730034 0.11341773718595505
-0.0014119185507297516 0.043796662241220474 -0.09886420518159866 -0.005796987097710371 0.05209672078490257 0.02121824398636818
-0.008545679971575737 -0.16515903174877167 -0.06732326000928879 -0.06299326568841934 0.04115387052297592 0.06193859875202179
0.07375239580869675 0.1529669165611267 -0.04222865402698517 -0.12386990338563919 -0.05335535109043121 -0.10307541489601135
-0.024176381528377533 0.024918684735894203 -0.07301168888807297 -0.004565528128296137 -0.049587737768888474 -0.11681625992059708
0.0281585194170475 -0.10718170553445816 -0.02589431405067444 0.022616812959313393 0.07645167410373688 -0.0405174158513546
-0.041794199496507645 0.16804136335849762 0.03727404773235321 0.018200615420937538 -0.06754788011312485 0.00250554783269763
0.07225094735622406 0.07597216963768005 0.03599607199430466 -0.17846079170703888 -0.06923018395900726 -0.0637802705168724
-0.01571482978761196 0.04856337234377861 0.06199762597680092 0.08655235916376114 -0.05040450766682625 -0.10798045247793198
-0.037272676825523376 -0.057556044310331345 -0.06333303451538086 0.009273328818380833 -0.04253855720162392 0.010395839810371399
0.005222723353654146 -0.09599102288484573 -0.04958876594901085 -0.014205963350832462 0.0035145494621247053 -0.015003795735538006
0.02256609871983528 -0.045830413699150085 0.023787979036569595 0.07476360350847244 0.02515643835067749 -0.02519312873482704
